--insert 69 rows into EXTERNAL_AUDIT
--insert 41 rows into DOCUMENT
--insert 41 rows into DOCUMENT_EXT_AUDIT

DECLARE @CREATED_BY NVARCHAR(50) = 'POSTMIGR_EXT_AUD_002';
DECLARE @CREATED DATETIME = GETDATE();

SET IDENTITY_INSERT EXTERNAL_AUDIT ON;

DECLARE @EA_INC INT = (SELECT MAX(EXTERNAL_AUDIT_ID) FROM EXTERNAL_AUDIT);
DECLARE @DOC_INC INT = (SELECT MAX(DOCUMENT_ID) FROM DOCUMENT);

INSERT INTO EXTERNAL_AUDIT (EXTERNAL_AUDIT_ID, FK_AUDITOR_ID, AUDITOR_TYPE, FK_AUDIT_TYPE_ID, ELIGIBILITY_LEVEL, FK_PRODUCT_STATUS_ID, FK_OBSERVATIONS_TYPE_ID, FK_CONTRACT_ID, FK_OPINION_ID, FK_RATING_ID, FK_CLAUSE_INDIVIDUAL_ID, FK_HIRING_MODALITY_ID, FISCAL_YEAR, ISSUE_DATE, SUBMISSION_DATE, CUT_OFF_DATE, OPINION_DESCRIPTION, AUDIT_HOURS, AUDIT_COST, OBSERVATION_DESCRIPTION, IS_FINAL_AUDIT, DISABLE_NOTIFICATIONS, EXTENSION_REQUIERED, GRACE_PERIOD_EXTENSION_DATE, MIGRATED_DUE_DATE, CREATED, CREATED_BY, MODIFIED, MODIFIED_BY) VALUES (1+@EA_INC, 3885, 'Independent Audit Firms', null, 'Eligible +', 17511, null, 2423, 17517, null, null, null, '2014', null, null, null, null, null, null, null, null, null, null, null, '2015-04-30', @CREATED, @CREATED_BY, null, null);
INSERT INTO EXTERNAL_AUDIT (EXTERNAL_AUDIT_ID, FK_AUDITOR_ID, AUDITOR_TYPE, FK_AUDIT_TYPE_ID, ELIGIBILITY_LEVEL, FK_PRODUCT_STATUS_ID, FK_OBSERVATIONS_TYPE_ID, FK_CONTRACT_ID, FK_OPINION_ID, FK_RATING_ID, FK_CLAUSE_INDIVIDUAL_ID, FK_HIRING_MODALITY_ID, FISCAL_YEAR, ISSUE_DATE, SUBMISSION_DATE, CUT_OFF_DATE, OPINION_DESCRIPTION, AUDIT_HOURS, AUDIT_COST, OBSERVATION_DESCRIPTION, IS_FINAL_AUDIT, DISABLE_NOTIFICATIONS, EXTENSION_REQUIERED, GRACE_PERIOD_EXTENSION_DATE, MIGRATED_DUE_DATE, CREATED, CREATED_BY, MODIFIED, MODIFIED_BY) VALUES (2+@EA_INC, 3885, 'Independent Audit Firms', null, 'Eligible +', 17511, null, 2423, 17517, null, null, null, '2015', null, null, null, null, null, null, null, null, null, null, null, '2016-04-30', @CREATED, @CREATED_BY, null, null);
INSERT INTO EXTERNAL_AUDIT (EXTERNAL_AUDIT_ID, FK_AUDITOR_ID, AUDITOR_TYPE, FK_AUDIT_TYPE_ID, ELIGIBILITY_LEVEL, FK_PRODUCT_STATUS_ID, FK_OBSERVATIONS_TYPE_ID, FK_CONTRACT_ID, FK_OPINION_ID, FK_RATING_ID, FK_CLAUSE_INDIVIDUAL_ID, FK_HIRING_MODALITY_ID, FISCAL_YEAR, ISSUE_DATE, SUBMISSION_DATE, CUT_OFF_DATE, OPINION_DESCRIPTION, AUDIT_HOURS, AUDIT_COST, OBSERVATION_DESCRIPTION, IS_FINAL_AUDIT, DISABLE_NOTIFICATIONS, EXTENSION_REQUIERED, GRACE_PERIOD_EXTENSION_DATE, MIGRATED_DUE_DATE, CREATED, CREATED_BY, MODIFIED, MODIFIED_BY) VALUES (3+@EA_INC, 3885, 'Independent Audit Firms', null, 'Eligible +', 17511, null, 2169, 17517, null, null, null, '2014', null, null, null, null, null, null, null, null, null, null, null, '2015-04-30', @CREATED, @CREATED_BY, null, null);
INSERT INTO EXTERNAL_AUDIT (EXTERNAL_AUDIT_ID, FK_AUDITOR_ID, AUDITOR_TYPE, FK_AUDIT_TYPE_ID, ELIGIBILITY_LEVEL, FK_PRODUCT_STATUS_ID, FK_OBSERVATIONS_TYPE_ID, FK_CONTRACT_ID, FK_OPINION_ID, FK_RATING_ID, FK_CLAUSE_INDIVIDUAL_ID, FK_HIRING_MODALITY_ID, FISCAL_YEAR, ISSUE_DATE, SUBMISSION_DATE, CUT_OFF_DATE, OPINION_DESCRIPTION, AUDIT_HOURS, AUDIT_COST, OBSERVATION_DESCRIPTION, IS_FINAL_AUDIT, DISABLE_NOTIFICATIONS, EXTENSION_REQUIERED, GRACE_PERIOD_EXTENSION_DATE, MIGRATED_DUE_DATE, CREATED, CREATED_BY, MODIFIED, MODIFIED_BY) VALUES (4+@EA_INC, 2369, 'Independent Audit Firms', null, 'Eligible +', 17511, null, 29, 17517, null, null, null, '2015', null, null, null, null, null, null, null, null, null, null, null, '2016-04-30', @CREATED, @CREATED_BY, null, null);
INSERT INTO EXTERNAL_AUDIT (EXTERNAL_AUDIT_ID, FK_AUDITOR_ID, AUDITOR_TYPE, FK_AUDIT_TYPE_ID, ELIGIBILITY_LEVEL, FK_PRODUCT_STATUS_ID, FK_OBSERVATIONS_TYPE_ID, FK_CONTRACT_ID, FK_OPINION_ID, FK_RATING_ID, FK_CLAUSE_INDIVIDUAL_ID, FK_HIRING_MODALITY_ID, FISCAL_YEAR, ISSUE_DATE, SUBMISSION_DATE, CUT_OFF_DATE, OPINION_DESCRIPTION, AUDIT_HOURS, AUDIT_COST, OBSERVATION_DESCRIPTION, IS_FINAL_AUDIT, DISABLE_NOTIFICATIONS, EXTENSION_REQUIERED, GRACE_PERIOD_EXTENSION_DATE, MIGRATED_DUE_DATE, CREATED, CREATED_BY, MODIFIED, MODIFIED_BY) VALUES (5+@EA_INC, 2369, 'Independent Audit Firms', null, 'Eligible +', 17511, null, 29, 17517, null, null, null, '2016', null, null, null, null, null, null, null, null, null, null, null, '2017-04-30', @CREATED, @CREATED_BY, null, null);
INSERT INTO EXTERNAL_AUDIT (EXTERNAL_AUDIT_ID, FK_AUDITOR_ID, AUDITOR_TYPE, FK_AUDIT_TYPE_ID, ELIGIBILITY_LEVEL, FK_PRODUCT_STATUS_ID, FK_OBSERVATIONS_TYPE_ID, FK_CONTRACT_ID, FK_OPINION_ID, FK_RATING_ID, FK_CLAUSE_INDIVIDUAL_ID, FK_HIRING_MODALITY_ID, FISCAL_YEAR, ISSUE_DATE, SUBMISSION_DATE, CUT_OFF_DATE, OPINION_DESCRIPTION, AUDIT_HOURS, AUDIT_COST, OBSERVATION_DESCRIPTION, IS_FINAL_AUDIT, DISABLE_NOTIFICATIONS, EXTENSION_REQUIERED, GRACE_PERIOD_EXTENSION_DATE, MIGRATED_DUE_DATE, CREATED, CREATED_BY, MODIFIED, MODIFIED_BY) VALUES (6+@EA_INC, 2369, 'Independent Audit Firms', null, 'Eligible +', 17511, null, 29, 17517, null, null, null, '2017', null, null, null, null, null, null, null, null, null, null, null, '2018-04-30', @CREATED, @CREATED_BY, null, null);
INSERT INTO EXTERNAL_AUDIT (EXTERNAL_AUDIT_ID, FK_AUDITOR_ID, AUDITOR_TYPE, FK_AUDIT_TYPE_ID, ELIGIBILITY_LEVEL, FK_PRODUCT_STATUS_ID, FK_OBSERVATIONS_TYPE_ID, FK_CONTRACT_ID, FK_OPINION_ID, FK_RATING_ID, FK_CLAUSE_INDIVIDUAL_ID, FK_HIRING_MODALITY_ID, FISCAL_YEAR, ISSUE_DATE, SUBMISSION_DATE, CUT_OFF_DATE, OPINION_DESCRIPTION, AUDIT_HOURS, AUDIT_COST, OBSERVATION_DESCRIPTION, IS_FINAL_AUDIT, DISABLE_NOTIFICATIONS, EXTENSION_REQUIERED, GRACE_PERIOD_EXTENSION_DATE, MIGRATED_DUE_DATE, CREATED, CREATED_BY, MODIFIED, MODIFIED_BY) VALUES (7+@EA_INC, 2369, 'Independent Audit Firms', null, 'Eligible +', 17511, null, 52, 17517, null, null, null, '2014', null, null, null, null, null, null, null, null, null, null, null, '2015-04-30', @CREATED, @CREATED_BY, null, null);
INSERT INTO EXTERNAL_AUDIT (EXTERNAL_AUDIT_ID, FK_AUDITOR_ID, AUDITOR_TYPE, FK_AUDIT_TYPE_ID, ELIGIBILITY_LEVEL, FK_PRODUCT_STATUS_ID, FK_OBSERVATIONS_TYPE_ID, FK_CONTRACT_ID, FK_OPINION_ID, FK_RATING_ID, FK_CLAUSE_INDIVIDUAL_ID, FK_HIRING_MODALITY_ID, FISCAL_YEAR, ISSUE_DATE, SUBMISSION_DATE, CUT_OFF_DATE, OPINION_DESCRIPTION, AUDIT_HOURS, AUDIT_COST, OBSERVATION_DESCRIPTION, IS_FINAL_AUDIT, DISABLE_NOTIFICATIONS, EXTENSION_REQUIERED, GRACE_PERIOD_EXTENSION_DATE, MIGRATED_DUE_DATE, CREATED, CREATED_BY, MODIFIED, MODIFIED_BY) VALUES (8+@EA_INC, 2369, 'Independent Audit Firms', null, 'Eligible +', 17511, null, 52, 17517, null, null, null, '2015', null, null, null, null, null, null, null, null, null, null, null, '2016-04-30', @CREATED, @CREATED_BY, null, null);
INSERT INTO EXTERNAL_AUDIT (EXTERNAL_AUDIT_ID, FK_AUDITOR_ID, AUDITOR_TYPE, FK_AUDIT_TYPE_ID, ELIGIBILITY_LEVEL, FK_PRODUCT_STATUS_ID, FK_OBSERVATIONS_TYPE_ID, FK_CONTRACT_ID, FK_OPINION_ID, FK_RATING_ID, FK_CLAUSE_INDIVIDUAL_ID, FK_HIRING_MODALITY_ID, FISCAL_YEAR, ISSUE_DATE, SUBMISSION_DATE, CUT_OFF_DATE, OPINION_DESCRIPTION, AUDIT_HOURS, AUDIT_COST, OBSERVATION_DESCRIPTION, IS_FINAL_AUDIT, DISABLE_NOTIFICATIONS, EXTENSION_REQUIERED, GRACE_PERIOD_EXTENSION_DATE, MIGRATED_DUE_DATE, CREATED, CREATED_BY, MODIFIED, MODIFIED_BY) VALUES (9+@EA_INC, 2369, 'Independent Audit Firms', null, 'Eligible +', 17511, null, 52, 17517, null, null, null, '2016', null, null, null, null, null, null, null, null, null, null, null, '2017-04-30', @CREATED, @CREATED_BY, null, null);
INSERT INTO EXTERNAL_AUDIT (EXTERNAL_AUDIT_ID, FK_AUDITOR_ID, AUDITOR_TYPE, FK_AUDIT_TYPE_ID, ELIGIBILITY_LEVEL, FK_PRODUCT_STATUS_ID, FK_OBSERVATIONS_TYPE_ID, FK_CONTRACT_ID, FK_OPINION_ID, FK_RATING_ID, FK_CLAUSE_INDIVIDUAL_ID, FK_HIRING_MODALITY_ID, FISCAL_YEAR, ISSUE_DATE, SUBMISSION_DATE, CUT_OFF_DATE, OPINION_DESCRIPTION, AUDIT_HOURS, AUDIT_COST, OBSERVATION_DESCRIPTION, IS_FINAL_AUDIT, DISABLE_NOTIFICATIONS, EXTENSION_REQUIERED, GRACE_PERIOD_EXTENSION_DATE, MIGRATED_DUE_DATE, CREATED, CREATED_BY, MODIFIED, MODIFIED_BY) VALUES (10+@EA_INC, 2369, 'Independent Audit Firms', null, 'Eligible +', 17511, null, 52, 17517, null, null, null, '2017', null, null, null, null, null, null, null, null, null, null, null, '2018-04-30', @CREATED, @CREATED_BY, null, null);
INSERT INTO EXTERNAL_AUDIT (EXTERNAL_AUDIT_ID, FK_AUDITOR_ID, AUDITOR_TYPE, FK_AUDIT_TYPE_ID, ELIGIBILITY_LEVEL, FK_PRODUCT_STATUS_ID, FK_OBSERVATIONS_TYPE_ID, FK_CONTRACT_ID, FK_OPINION_ID, FK_RATING_ID, FK_CLAUSE_INDIVIDUAL_ID, FK_HIRING_MODALITY_ID, FISCAL_YEAR, ISSUE_DATE, SUBMISSION_DATE, CUT_OFF_DATE, OPINION_DESCRIPTION, AUDIT_HOURS, AUDIT_COST, OBSERVATION_DESCRIPTION, IS_FINAL_AUDIT, DISABLE_NOTIFICATIONS, EXTENSION_REQUIERED, GRACE_PERIOD_EXTENSION_DATE, MIGRATED_DUE_DATE, CREATED, CREATED_BY, MODIFIED, MODIFIED_BY) VALUES (11+@EA_INC, 3885, 'Independent Audit Firms', null, 'Eligible +', 17511, null, 2389, 17517, null, null, null, '2014', null, null, null, null, null, null, null, null, null, null, null, '2015-04-30', @CREATED, @CREATED_BY, null, null);
INSERT INTO EXTERNAL_AUDIT (EXTERNAL_AUDIT_ID, FK_AUDITOR_ID, AUDITOR_TYPE, FK_AUDIT_TYPE_ID, ELIGIBILITY_LEVEL, FK_PRODUCT_STATUS_ID, FK_OBSERVATIONS_TYPE_ID, FK_CONTRACT_ID, FK_OPINION_ID, FK_RATING_ID, FK_CLAUSE_INDIVIDUAL_ID, FK_HIRING_MODALITY_ID, FISCAL_YEAR, ISSUE_DATE, SUBMISSION_DATE, CUT_OFF_DATE, OPINION_DESCRIPTION, AUDIT_HOURS, AUDIT_COST, OBSERVATION_DESCRIPTION, IS_FINAL_AUDIT, DISABLE_NOTIFICATIONS, EXTENSION_REQUIERED, GRACE_PERIOD_EXTENSION_DATE, MIGRATED_DUE_DATE, CREATED, CREATED_BY, MODIFIED, MODIFIED_BY) VALUES (12+@EA_INC, 3885, 'Independent Audit Firms', null, 'Eligible +', 17511, null, 2389, 17517, null, null, null, '2015', null, null, null, null, null, null, null, null, null, null, null, '2016-04-29', @CREATED, @CREATED_BY, null, null);
INSERT INTO EXTERNAL_AUDIT (EXTERNAL_AUDIT_ID, FK_AUDITOR_ID, AUDITOR_TYPE, FK_AUDIT_TYPE_ID, ELIGIBILITY_LEVEL, FK_PRODUCT_STATUS_ID, FK_OBSERVATIONS_TYPE_ID, FK_CONTRACT_ID, FK_OPINION_ID, FK_RATING_ID, FK_CLAUSE_INDIVIDUAL_ID, FK_HIRING_MODALITY_ID, FISCAL_YEAR, ISSUE_DATE, SUBMISSION_DATE, CUT_OFF_DATE, OPINION_DESCRIPTION, AUDIT_HOURS, AUDIT_COST, OBSERVATION_DESCRIPTION, IS_FINAL_AUDIT, DISABLE_NOTIFICATIONS, EXTENSION_REQUIERED, GRACE_PERIOD_EXTENSION_DATE, MIGRATED_DUE_DATE, CREATED, CREATED_BY, MODIFIED, MODIFIED_BY) VALUES (13+@EA_INC, 3885, 'Independent Audit Firms', null, 'Eligible +', 17511, null, 2389, 17517, null, null, null, '2017', null, null, null, null, null, null, null, null, null, null, null, '2017-11-30', @CREATED, @CREATED_BY, null, null);
INSERT INTO EXTERNAL_AUDIT (EXTERNAL_AUDIT_ID, FK_AUDITOR_ID, AUDITOR_TYPE, FK_AUDIT_TYPE_ID, ELIGIBILITY_LEVEL, FK_PRODUCT_STATUS_ID, FK_OBSERVATIONS_TYPE_ID, FK_CONTRACT_ID, FK_OPINION_ID, FK_RATING_ID, FK_CLAUSE_INDIVIDUAL_ID, FK_HIRING_MODALITY_ID, FISCAL_YEAR, ISSUE_DATE, SUBMISSION_DATE, CUT_OFF_DATE, OPINION_DESCRIPTION, AUDIT_HOURS, AUDIT_COST, OBSERVATION_DESCRIPTION, IS_FINAL_AUDIT, DISABLE_NOTIFICATIONS, EXTENSION_REQUIERED, GRACE_PERIOD_EXTENSION_DATE, MIGRATED_DUE_DATE, CREATED, CREATED_BY, MODIFIED, MODIFIED_BY) VALUES (14+@EA_INC, 2369, 'Independent Audit Firms', null, 'Eligible +', 17511, null, 52, 17517, null, null, null, '2018', null, null, null, null, null, null, null, null, null, null, null, '2019-04-30', @CREATED, @CREATED_BY, null, null);
INSERT INTO EXTERNAL_AUDIT (EXTERNAL_AUDIT_ID, FK_AUDITOR_ID, AUDITOR_TYPE, FK_AUDIT_TYPE_ID, ELIGIBILITY_LEVEL, FK_PRODUCT_STATUS_ID, FK_OBSERVATIONS_TYPE_ID, FK_CONTRACT_ID, FK_OPINION_ID, FK_RATING_ID, FK_CLAUSE_INDIVIDUAL_ID, FK_HIRING_MODALITY_ID, FISCAL_YEAR, ISSUE_DATE, SUBMISSION_DATE, CUT_OFF_DATE, OPINION_DESCRIPTION, AUDIT_HOURS, AUDIT_COST, OBSERVATION_DESCRIPTION, IS_FINAL_AUDIT, DISABLE_NOTIFICATIONS, EXTENSION_REQUIERED, GRACE_PERIOD_EXTENSION_DATE, MIGRATED_DUE_DATE, CREATED, CREATED_BY, MODIFIED, MODIFIED_BY) VALUES (15+@EA_INC, 3885, 'Independent Audit Firms', null, 'Eligible +', 17511, null, 2423, 17517, null, null, null, '2016', null, null, null, null, null, null, null, null, null, null, null, '2017-04-30', @CREATED, @CREATED_BY, null, null);
INSERT INTO EXTERNAL_AUDIT (EXTERNAL_AUDIT_ID, FK_AUDITOR_ID, AUDITOR_TYPE, FK_AUDIT_TYPE_ID, ELIGIBILITY_LEVEL, FK_PRODUCT_STATUS_ID, FK_OBSERVATIONS_TYPE_ID, FK_CONTRACT_ID, FK_OPINION_ID, FK_RATING_ID, FK_CLAUSE_INDIVIDUAL_ID, FK_HIRING_MODALITY_ID, FISCAL_YEAR, ISSUE_DATE, SUBMISSION_DATE, CUT_OFF_DATE, OPINION_DESCRIPTION, AUDIT_HOURS, AUDIT_COST, OBSERVATION_DESCRIPTION, IS_FINAL_AUDIT, DISABLE_NOTIFICATIONS, EXTENSION_REQUIERED, GRACE_PERIOD_EXTENSION_DATE, MIGRATED_DUE_DATE, CREATED, CREATED_BY, MODIFIED, MODIFIED_BY) VALUES (16+@EA_INC, 541, 'Independent Audit Firms', null, 'Eligible', 17511, null, 334, 17517, null, null, null, '2014', null, null, null, null, null, null, null, null, null, null, null, '2015-04-30', @CREATED, @CREATED_BY, null, null);
INSERT INTO EXTERNAL_AUDIT (EXTERNAL_AUDIT_ID, FK_AUDITOR_ID, AUDITOR_TYPE, FK_AUDIT_TYPE_ID, ELIGIBILITY_LEVEL, FK_PRODUCT_STATUS_ID, FK_OBSERVATIONS_TYPE_ID, FK_CONTRACT_ID, FK_OPINION_ID, FK_RATING_ID, FK_CLAUSE_INDIVIDUAL_ID, FK_HIRING_MODALITY_ID, FISCAL_YEAR, ISSUE_DATE, SUBMISSION_DATE, CUT_OFF_DATE, OPINION_DESCRIPTION, AUDIT_HOURS, AUDIT_COST, OBSERVATION_DESCRIPTION, IS_FINAL_AUDIT, DISABLE_NOTIFICATIONS, EXTENSION_REQUIERED, GRACE_PERIOD_EXTENSION_DATE, MIGRATED_DUE_DATE, CREATED, CREATED_BY, MODIFIED, MODIFIED_BY) VALUES (17+@EA_INC, 2369, 'Independent Audit Firms', null, 'Eligible +', 17511, null, 2577, 17517, null, null, null, '2014', null, null, null, null, null, null, null, null, null, null, null, '2015-04-30', @CREATED, @CREATED_BY, null, null);
INSERT INTO EXTERNAL_AUDIT (EXTERNAL_AUDIT_ID, FK_AUDITOR_ID, AUDITOR_TYPE, FK_AUDIT_TYPE_ID, ELIGIBILITY_LEVEL, FK_PRODUCT_STATUS_ID, FK_OBSERVATIONS_TYPE_ID, FK_CONTRACT_ID, FK_OPINION_ID, FK_RATING_ID, FK_CLAUSE_INDIVIDUAL_ID, FK_HIRING_MODALITY_ID, FISCAL_YEAR, ISSUE_DATE, SUBMISSION_DATE, CUT_OFF_DATE, OPINION_DESCRIPTION, AUDIT_HOURS, AUDIT_COST, OBSERVATION_DESCRIPTION, IS_FINAL_AUDIT, DISABLE_NOTIFICATIONS, EXTENSION_REQUIERED, GRACE_PERIOD_EXTENSION_DATE, MIGRATED_DUE_DATE, CREATED, CREATED_BY, MODIFIED, MODIFIED_BY) VALUES (18+@EA_INC, 3885, 'Independent Audit Firms', null, 'Eligible +', 17511, null, 2323, 17517, null, null, null, '2014', null, null, null, null, null, null, null, null, null, null, null, '2015-04-30', @CREATED, @CREATED_BY, null, null);
INSERT INTO EXTERNAL_AUDIT (EXTERNAL_AUDIT_ID, FK_AUDITOR_ID, AUDITOR_TYPE, FK_AUDIT_TYPE_ID, ELIGIBILITY_LEVEL, FK_PRODUCT_STATUS_ID, FK_OBSERVATIONS_TYPE_ID, FK_CONTRACT_ID, FK_OPINION_ID, FK_RATING_ID, FK_CLAUSE_INDIVIDUAL_ID, FK_HIRING_MODALITY_ID, FISCAL_YEAR, ISSUE_DATE, SUBMISSION_DATE, CUT_OFF_DATE, OPINION_DESCRIPTION, AUDIT_HOURS, AUDIT_COST, OBSERVATION_DESCRIPTION, IS_FINAL_AUDIT, DISABLE_NOTIFICATIONS, EXTENSION_REQUIERED, GRACE_PERIOD_EXTENSION_DATE, MIGRATED_DUE_DATE, CREATED, CREATED_BY, MODIFIED, MODIFIED_BY) VALUES (19+@EA_INC, 3885, 'Independent Audit Firms', null, 'Eligible +', 17511, null, 2323, 17517, null, null, null, '2016', null, null, null, null, null, null, null, null, null, null, null, '2016-09-08', @CREATED, @CREATED_BY, null, null);
INSERT INTO EXTERNAL_AUDIT (EXTERNAL_AUDIT_ID, FK_AUDITOR_ID, AUDITOR_TYPE, FK_AUDIT_TYPE_ID, ELIGIBILITY_LEVEL, FK_PRODUCT_STATUS_ID, FK_OBSERVATIONS_TYPE_ID, FK_CONTRACT_ID, FK_OPINION_ID, FK_RATING_ID, FK_CLAUSE_INDIVIDUAL_ID, FK_HIRING_MODALITY_ID, FISCAL_YEAR, ISSUE_DATE, SUBMISSION_DATE, CUT_OFF_DATE, OPINION_DESCRIPTION, AUDIT_HOURS, AUDIT_COST, OBSERVATION_DESCRIPTION, IS_FINAL_AUDIT, DISABLE_NOTIFICATIONS, EXTENSION_REQUIERED, GRACE_PERIOD_EXTENSION_DATE, MIGRATED_DUE_DATE, CREATED, CREATED_BY, MODIFIED, MODIFIED_BY) VALUES (20+@EA_INC, 3885, 'Independent Audit Firms', null, 'Eligible +', 17511, null, 2169, 17517, null, null, null, '2015', null, null, null, null, null, null, null, null, null, null, null, '2016-04-30', @CREATED, @CREATED_BY, null, null);
INSERT INTO EXTERNAL_AUDIT (EXTERNAL_AUDIT_ID, FK_AUDITOR_ID, AUDITOR_TYPE, FK_AUDIT_TYPE_ID, ELIGIBILITY_LEVEL, FK_PRODUCT_STATUS_ID, FK_OBSERVATIONS_TYPE_ID, FK_CONTRACT_ID, FK_OPINION_ID, FK_RATING_ID, FK_CLAUSE_INDIVIDUAL_ID, FK_HIRING_MODALITY_ID, FISCAL_YEAR, ISSUE_DATE, SUBMISSION_DATE, CUT_OFF_DATE, OPINION_DESCRIPTION, AUDIT_HOURS, AUDIT_COST, OBSERVATION_DESCRIPTION, IS_FINAL_AUDIT, DISABLE_NOTIFICATIONS, EXTENSION_REQUIERED, GRACE_PERIOD_EXTENSION_DATE, MIGRATED_DUE_DATE, CREATED, CREATED_BY, MODIFIED, MODIFIED_BY) VALUES (21+@EA_INC, 2369, 'Independent Audit Firms', null, 'Eligible +', 17511, null, 2577, 17517, null, null, null, '2015', null, null, null, null, null, null, null, null, null, null, null, '2016-04-30', @CREATED, @CREATED_BY, null, null);
INSERT INTO EXTERNAL_AUDIT (EXTERNAL_AUDIT_ID, FK_AUDITOR_ID, AUDITOR_TYPE, FK_AUDIT_TYPE_ID, ELIGIBILITY_LEVEL, FK_PRODUCT_STATUS_ID, FK_OBSERVATIONS_TYPE_ID, FK_CONTRACT_ID, FK_OPINION_ID, FK_RATING_ID, FK_CLAUSE_INDIVIDUAL_ID, FK_HIRING_MODALITY_ID, FISCAL_YEAR, ISSUE_DATE, SUBMISSION_DATE, CUT_OFF_DATE, OPINION_DESCRIPTION, AUDIT_HOURS, AUDIT_COST, OBSERVATION_DESCRIPTION, IS_FINAL_AUDIT, DISABLE_NOTIFICATIONS, EXTENSION_REQUIERED, GRACE_PERIOD_EXTENSION_DATE, MIGRATED_DUE_DATE, CREATED, CREATED_BY, MODIFIED, MODIFIED_BY) VALUES (22+@EA_INC, 3885, 'Independent Audit Firms', null, 'Eligible +', 17511, null, 1940, 17517, null, null, null, '2014', null, null, null, null, null, null, null, null, null, null, null, '2015-04-30', @CREATED, @CREATED_BY, null, null);
INSERT INTO EXTERNAL_AUDIT (EXTERNAL_AUDIT_ID, FK_AUDITOR_ID, AUDITOR_TYPE, FK_AUDIT_TYPE_ID, ELIGIBILITY_LEVEL, FK_PRODUCT_STATUS_ID, FK_OBSERVATIONS_TYPE_ID, FK_CONTRACT_ID, FK_OPINION_ID, FK_RATING_ID, FK_CLAUSE_INDIVIDUAL_ID, FK_HIRING_MODALITY_ID, FISCAL_YEAR, ISSUE_DATE, SUBMISSION_DATE, CUT_OFF_DATE, OPINION_DESCRIPTION, AUDIT_HOURS, AUDIT_COST, OBSERVATION_DESCRIPTION, IS_FINAL_AUDIT, DISABLE_NOTIFICATIONS, EXTENSION_REQUIERED, GRACE_PERIOD_EXTENSION_DATE, MIGRATED_DUE_DATE, CREATED, CREATED_BY, MODIFIED, MODIFIED_BY) VALUES (23+@EA_INC, 3885, 'Independent Audit Firms', null, 'Eligible +', 17511, null, 1940, 17517, null, null, null, '2015', null, null, null, null, null, null, null, null, null, null, null, '2016-04-29', @CREATED, @CREATED_BY, null, null);
INSERT INTO EXTERNAL_AUDIT (EXTERNAL_AUDIT_ID, FK_AUDITOR_ID, AUDITOR_TYPE, FK_AUDIT_TYPE_ID, ELIGIBILITY_LEVEL, FK_PRODUCT_STATUS_ID, FK_OBSERVATIONS_TYPE_ID, FK_CONTRACT_ID, FK_OPINION_ID, FK_RATING_ID, FK_CLAUSE_INDIVIDUAL_ID, FK_HIRING_MODALITY_ID, FISCAL_YEAR, ISSUE_DATE, SUBMISSION_DATE, CUT_OFF_DATE, OPINION_DESCRIPTION, AUDIT_HOURS, AUDIT_COST, OBSERVATION_DESCRIPTION, IS_FINAL_AUDIT, DISABLE_NOTIFICATIONS, EXTENSION_REQUIERED, GRACE_PERIOD_EXTENSION_DATE, MIGRATED_DUE_DATE, CREATED, CREATED_BY, MODIFIED, MODIFIED_BY) VALUES (24+@EA_INC, 3885, 'Independent Audit Firms', null, 'Eligible +', 17511, null, 1940, 17517, null, null, null, '2016', null, null, null, null, null, null, null, null, null, null, null, '2017-04-30', @CREATED, @CREATED_BY, null, null);
INSERT INTO EXTERNAL_AUDIT (EXTERNAL_AUDIT_ID, FK_AUDITOR_ID, AUDITOR_TYPE, FK_AUDIT_TYPE_ID, ELIGIBILITY_LEVEL, FK_PRODUCT_STATUS_ID, FK_OBSERVATIONS_TYPE_ID, FK_CONTRACT_ID, FK_OPINION_ID, FK_RATING_ID, FK_CLAUSE_INDIVIDUAL_ID, FK_HIRING_MODALITY_ID, FISCAL_YEAR, ISSUE_DATE, SUBMISSION_DATE, CUT_OFF_DATE, OPINION_DESCRIPTION, AUDIT_HOURS, AUDIT_COST, OBSERVATION_DESCRIPTION, IS_FINAL_AUDIT, DISABLE_NOTIFICATIONS, EXTENSION_REQUIERED, GRACE_PERIOD_EXTENSION_DATE, MIGRATED_DUE_DATE, CREATED, CREATED_BY, MODIFIED, MODIFIED_BY) VALUES (25+@EA_INC, 3885, 'Independent Audit Firms', null, 'Eligible +', 17511, null, 1940, 17517, null, null, null, '2017', null, null, null, null, null, null, null, null, null, null, null, '2018-04-30', @CREATED, @CREATED_BY, null, null);
INSERT INTO EXTERNAL_AUDIT (EXTERNAL_AUDIT_ID, FK_AUDITOR_ID, AUDITOR_TYPE, FK_AUDIT_TYPE_ID, ELIGIBILITY_LEVEL, FK_PRODUCT_STATUS_ID, FK_OBSERVATIONS_TYPE_ID, FK_CONTRACT_ID, FK_OPINION_ID, FK_RATING_ID, FK_CLAUSE_INDIVIDUAL_ID, FK_HIRING_MODALITY_ID, FISCAL_YEAR, ISSUE_DATE, SUBMISSION_DATE, CUT_OFF_DATE, OPINION_DESCRIPTION, AUDIT_HOURS, AUDIT_COST, OBSERVATION_DESCRIPTION, IS_FINAL_AUDIT, DISABLE_NOTIFICATIONS, EXTENSION_REQUIERED, GRACE_PERIOD_EXTENSION_DATE, MIGRATED_DUE_DATE, CREATED, CREATED_BY, MODIFIED, MODIFIED_BY) VALUES (26+@EA_INC, 6979, 'Independent Audit Firms', null, 'Eligible +', 17511, null, 5652, 17517, null, null, null, '2017', null, null, null, null, null, null, null, null, null, null, null, '2018-06-30', @CREATED, @CREATED_BY, null, null);
INSERT INTO EXTERNAL_AUDIT (EXTERNAL_AUDIT_ID, FK_AUDITOR_ID, AUDITOR_TYPE, FK_AUDIT_TYPE_ID, ELIGIBILITY_LEVEL, FK_PRODUCT_STATUS_ID, FK_OBSERVATIONS_TYPE_ID, FK_CONTRACT_ID, FK_OPINION_ID, FK_RATING_ID, FK_CLAUSE_INDIVIDUAL_ID, FK_HIRING_MODALITY_ID, FISCAL_YEAR, ISSUE_DATE, SUBMISSION_DATE, CUT_OFF_DATE, OPINION_DESCRIPTION, AUDIT_HOURS, AUDIT_COST, OBSERVATION_DESCRIPTION, IS_FINAL_AUDIT, DISABLE_NOTIFICATIONS, EXTENSION_REQUIERED, GRACE_PERIOD_EXTENSION_DATE, MIGRATED_DUE_DATE, CREATED, CREATED_BY, MODIFIED, MODIFIED_BY) VALUES (27+@EA_INC, 6979, 'Independent Audit Firms', null, 'Eligible +', 17511, null, 5652, 17517, null, null, null, '2018', null, null, null, null, null, null, null, null, null, null, null, '2019-06-30', @CREATED, @CREATED_BY, null, null);
INSERT INTO EXTERNAL_AUDIT (EXTERNAL_AUDIT_ID, FK_AUDITOR_ID, AUDITOR_TYPE, FK_AUDIT_TYPE_ID, ELIGIBILITY_LEVEL, FK_PRODUCT_STATUS_ID, FK_OBSERVATIONS_TYPE_ID, FK_CONTRACT_ID, FK_OPINION_ID, FK_RATING_ID, FK_CLAUSE_INDIVIDUAL_ID, FK_HIRING_MODALITY_ID, FISCAL_YEAR, ISSUE_DATE, SUBMISSION_DATE, CUT_OFF_DATE, OPINION_DESCRIPTION, AUDIT_HOURS, AUDIT_COST, OBSERVATION_DESCRIPTION, IS_FINAL_AUDIT, DISABLE_NOTIFICATIONS, EXTENSION_REQUIERED, GRACE_PERIOD_EXTENSION_DATE, MIGRATED_DUE_DATE, CREATED, CREATED_BY, MODIFIED, MODIFIED_BY) VALUES (28+@EA_INC, 2369, 'Independent Audit Firms', null, 'Eligible +', 17511, null, 5700, 17517, null, null, null, '2014', null, null, null, null, null, null, null, null, null, null, null, '2015-04-30', @CREATED, @CREATED_BY, null, null);
INSERT INTO EXTERNAL_AUDIT (EXTERNAL_AUDIT_ID, FK_AUDITOR_ID, AUDITOR_TYPE, FK_AUDIT_TYPE_ID, ELIGIBILITY_LEVEL, FK_PRODUCT_STATUS_ID, FK_OBSERVATIONS_TYPE_ID, FK_CONTRACT_ID, FK_OPINION_ID, FK_RATING_ID, FK_CLAUSE_INDIVIDUAL_ID, FK_HIRING_MODALITY_ID, FISCAL_YEAR, ISSUE_DATE, SUBMISSION_DATE, CUT_OFF_DATE, OPINION_DESCRIPTION, AUDIT_HOURS, AUDIT_COST, OBSERVATION_DESCRIPTION, IS_FINAL_AUDIT, DISABLE_NOTIFICATIONS, EXTENSION_REQUIERED, GRACE_PERIOD_EXTENSION_DATE, MIGRATED_DUE_DATE, CREATED, CREATED_BY, MODIFIED, MODIFIED_BY) VALUES (29+@EA_INC, 2369, 'Independent Audit Firms', null, 'Eligible +', 17511, null, 5700, 17517, null, null, null, '2015', null, null, null, null, null, null, null, null, null, null, null, '2016-04-30', @CREATED, @CREATED_BY, null, null);
INSERT INTO EXTERNAL_AUDIT (EXTERNAL_AUDIT_ID, FK_AUDITOR_ID, AUDITOR_TYPE, FK_AUDIT_TYPE_ID, ELIGIBILITY_LEVEL, FK_PRODUCT_STATUS_ID, FK_OBSERVATIONS_TYPE_ID, FK_CONTRACT_ID, FK_OPINION_ID, FK_RATING_ID, FK_CLAUSE_INDIVIDUAL_ID, FK_HIRING_MODALITY_ID, FISCAL_YEAR, ISSUE_DATE, SUBMISSION_DATE, CUT_OFF_DATE, OPINION_DESCRIPTION, AUDIT_HOURS, AUDIT_COST, OBSERVATION_DESCRIPTION, IS_FINAL_AUDIT, DISABLE_NOTIFICATIONS, EXTENSION_REQUIERED, GRACE_PERIOD_EXTENSION_DATE, MIGRATED_DUE_DATE, CREATED, CREATED_BY, MODIFIED, MODIFIED_BY) VALUES (30+@EA_INC, 2369, 'Independent Audit Firms', null, 'Eligible +', 17511, null, 5700, 17517, null, null, null, '2016', null, null, null, null, null, null, null, null, null, null, null, '2017-04-30', @CREATED, @CREATED_BY, null, null);
INSERT INTO EXTERNAL_AUDIT (EXTERNAL_AUDIT_ID, FK_AUDITOR_ID, AUDITOR_TYPE, FK_AUDIT_TYPE_ID, ELIGIBILITY_LEVEL, FK_PRODUCT_STATUS_ID, FK_OBSERVATIONS_TYPE_ID, FK_CONTRACT_ID, FK_OPINION_ID, FK_RATING_ID, FK_CLAUSE_INDIVIDUAL_ID, FK_HIRING_MODALITY_ID, FISCAL_YEAR, ISSUE_DATE, SUBMISSION_DATE, CUT_OFF_DATE, OPINION_DESCRIPTION, AUDIT_HOURS, AUDIT_COST, OBSERVATION_DESCRIPTION, IS_FINAL_AUDIT, DISABLE_NOTIFICATIONS, EXTENSION_REQUIERED, GRACE_PERIOD_EXTENSION_DATE, MIGRATED_DUE_DATE, CREATED, CREATED_BY, MODIFIED, MODIFIED_BY) VALUES (31+@EA_INC, 2369, 'Independent Audit Firms', null, 'Eligible +', 17511, null, 5700, 17517, null, null, null, '2017', null, null, null, null, null, null, null, null, null, null, null, '2018-04-30', @CREATED, @CREATED_BY, null, null);
INSERT INTO EXTERNAL_AUDIT (EXTERNAL_AUDIT_ID, FK_AUDITOR_ID, AUDITOR_TYPE, FK_AUDIT_TYPE_ID, ELIGIBILITY_LEVEL, FK_PRODUCT_STATUS_ID, FK_OBSERVATIONS_TYPE_ID, FK_CONTRACT_ID, FK_OPINION_ID, FK_RATING_ID, FK_CLAUSE_INDIVIDUAL_ID, FK_HIRING_MODALITY_ID, FISCAL_YEAR, ISSUE_DATE, SUBMISSION_DATE, CUT_OFF_DATE, OPINION_DESCRIPTION, AUDIT_HOURS, AUDIT_COST, OBSERVATION_DESCRIPTION, IS_FINAL_AUDIT, DISABLE_NOTIFICATIONS, EXTENSION_REQUIERED, GRACE_PERIOD_EXTENSION_DATE, MIGRATED_DUE_DATE, CREATED, CREATED_BY, MODIFIED, MODIFIED_BY) VALUES (32+@EA_INC, 2369, 'Independent Audit Firms', null, 'Eligible +', 17511, null, 5700, 17517, null, null, null, '2018', null, null, null, null, null, null, null, null, null, null, null, '2019-04-30', @CREATED, @CREATED_BY, null, null);
INSERT INTO EXTERNAL_AUDIT (EXTERNAL_AUDIT_ID, FK_AUDITOR_ID, AUDITOR_TYPE, FK_AUDIT_TYPE_ID, ELIGIBILITY_LEVEL, FK_PRODUCT_STATUS_ID, FK_OBSERVATIONS_TYPE_ID, FK_CONTRACT_ID, FK_OPINION_ID, FK_RATING_ID, FK_CLAUSE_INDIVIDUAL_ID, FK_HIRING_MODALITY_ID, FISCAL_YEAR, ISSUE_DATE, SUBMISSION_DATE, CUT_OFF_DATE, OPINION_DESCRIPTION, AUDIT_HOURS, AUDIT_COST, OBSERVATION_DESCRIPTION, IS_FINAL_AUDIT, DISABLE_NOTIFICATIONS, EXTENSION_REQUIERED, GRACE_PERIOD_EXTENSION_DATE, MIGRATED_DUE_DATE, CREATED, CREATED_BY, MODIFIED, MODIFIED_BY) VALUES (33+@EA_INC, 6979, 'Independent Audit Firms', null, 'Eligible +', 17511, null, 5657, 17517, null, null, null, '2017', null, null, null, null, null, null, null, null, null, null, null, '2018-06-30', @CREATED, @CREATED_BY, null, null);
INSERT INTO EXTERNAL_AUDIT (EXTERNAL_AUDIT_ID, FK_AUDITOR_ID, AUDITOR_TYPE, FK_AUDIT_TYPE_ID, ELIGIBILITY_LEVEL, FK_PRODUCT_STATUS_ID, FK_OBSERVATIONS_TYPE_ID, FK_CONTRACT_ID, FK_OPINION_ID, FK_RATING_ID, FK_CLAUSE_INDIVIDUAL_ID, FK_HIRING_MODALITY_ID, FISCAL_YEAR, ISSUE_DATE, SUBMISSION_DATE, CUT_OFF_DATE, OPINION_DESCRIPTION, AUDIT_HOURS, AUDIT_COST, OBSERVATION_DESCRIPTION, IS_FINAL_AUDIT, DISABLE_NOTIFICATIONS, EXTENSION_REQUIERED, GRACE_PERIOD_EXTENSION_DATE, MIGRATED_DUE_DATE, CREATED, CREATED_BY, MODIFIED, MODIFIED_BY) VALUES (34+@EA_INC, 1870, 'Independent Audit Firms', null, 'Eligible', 17511, null, 8409, 17517, null, null, null, '2015', null, null, null, null, null, null, null, null, null, null, null, '2016-04-30', @CREATED, @CREATED_BY, null, null);
INSERT INTO EXTERNAL_AUDIT (EXTERNAL_AUDIT_ID, FK_AUDITOR_ID, AUDITOR_TYPE, FK_AUDIT_TYPE_ID, ELIGIBILITY_LEVEL, FK_PRODUCT_STATUS_ID, FK_OBSERVATIONS_TYPE_ID, FK_CONTRACT_ID, FK_OPINION_ID, FK_RATING_ID, FK_CLAUSE_INDIVIDUAL_ID, FK_HIRING_MODALITY_ID, FISCAL_YEAR, ISSUE_DATE, SUBMISSION_DATE, CUT_OFF_DATE, OPINION_DESCRIPTION, AUDIT_HOURS, AUDIT_COST, OBSERVATION_DESCRIPTION, IS_FINAL_AUDIT, DISABLE_NOTIFICATIONS, EXTENSION_REQUIERED, GRACE_PERIOD_EXTENSION_DATE, MIGRATED_DUE_DATE, CREATED, CREATED_BY, MODIFIED, MODIFIED_BY) VALUES (35+@EA_INC, 1870, 'Independent Audit Firms', null, 'Eligible', 17511, null, 8409, 17517, null, null, null, '2016', null, null, null, null, null, null, null, null, null, null, null, '2017-04-30', @CREATED, @CREATED_BY, null, null);
INSERT INTO EXTERNAL_AUDIT (EXTERNAL_AUDIT_ID, FK_AUDITOR_ID, AUDITOR_TYPE, FK_AUDIT_TYPE_ID, ELIGIBILITY_LEVEL, FK_PRODUCT_STATUS_ID, FK_OBSERVATIONS_TYPE_ID, FK_CONTRACT_ID, FK_OPINION_ID, FK_RATING_ID, FK_CLAUSE_INDIVIDUAL_ID, FK_HIRING_MODALITY_ID, FISCAL_YEAR, ISSUE_DATE, SUBMISSION_DATE, CUT_OFF_DATE, OPINION_DESCRIPTION, AUDIT_HOURS, AUDIT_COST, OBSERVATION_DESCRIPTION, IS_FINAL_AUDIT, DISABLE_NOTIFICATIONS, EXTENSION_REQUIERED, GRACE_PERIOD_EXTENSION_DATE, MIGRATED_DUE_DATE, CREATED, CREATED_BY, MODIFIED, MODIFIED_BY) VALUES (36+@EA_INC, 1870, 'Independent Audit Firms', null, 'Eligible', 17511, null, 8319, 17517, null, null, null, '2015', null, null, null, null, null, null, null, null, null, null, null, '2016-04-30', @CREATED, @CREATED_BY, null, null);
INSERT INTO EXTERNAL_AUDIT (EXTERNAL_AUDIT_ID, FK_AUDITOR_ID, AUDITOR_TYPE, FK_AUDIT_TYPE_ID, ELIGIBILITY_LEVEL, FK_PRODUCT_STATUS_ID, FK_OBSERVATIONS_TYPE_ID, FK_CONTRACT_ID, FK_OPINION_ID, FK_RATING_ID, FK_CLAUSE_INDIVIDUAL_ID, FK_HIRING_MODALITY_ID, FISCAL_YEAR, ISSUE_DATE, SUBMISSION_DATE, CUT_OFF_DATE, OPINION_DESCRIPTION, AUDIT_HOURS, AUDIT_COST, OBSERVATION_DESCRIPTION, IS_FINAL_AUDIT, DISABLE_NOTIFICATIONS, EXTENSION_REQUIERED, GRACE_PERIOD_EXTENSION_DATE, MIGRATED_DUE_DATE, CREATED, CREATED_BY, MODIFIED, MODIFIED_BY) VALUES (37+@EA_INC, 1870, 'Independent Audit Firms', null, 'Eligible', 17511, null, 8319, 17517, null, null, null, '2016', null, null, null, null, null, null, null, null, null, null, null, '2017-04-30', @CREATED, @CREATED_BY, null, null);
INSERT INTO EXTERNAL_AUDIT (EXTERNAL_AUDIT_ID, FK_AUDITOR_ID, AUDITOR_TYPE, FK_AUDIT_TYPE_ID, ELIGIBILITY_LEVEL, FK_PRODUCT_STATUS_ID, FK_OBSERVATIONS_TYPE_ID, FK_CONTRACT_ID, FK_OPINION_ID, FK_RATING_ID, FK_CLAUSE_INDIVIDUAL_ID, FK_HIRING_MODALITY_ID, FISCAL_YEAR, ISSUE_DATE, SUBMISSION_DATE, CUT_OFF_DATE, OPINION_DESCRIPTION, AUDIT_HOURS, AUDIT_COST, OBSERVATION_DESCRIPTION, IS_FINAL_AUDIT, DISABLE_NOTIFICATIONS, EXTENSION_REQUIERED, GRACE_PERIOD_EXTENSION_DATE, MIGRATED_DUE_DATE, CREATED, CREATED_BY, MODIFIED, MODIFIED_BY) VALUES (38+@EA_INC, 3885, 'Independent Audit Firms', null, 'Eligible +', 17511, null, 5707, 17517, null, null, null, '2015', null, null, null, null, null, null, null, null, null, null, null, '2016-04-29', @CREATED, @CREATED_BY, null, null);
INSERT INTO EXTERNAL_AUDIT (EXTERNAL_AUDIT_ID, FK_AUDITOR_ID, AUDITOR_TYPE, FK_AUDIT_TYPE_ID, ELIGIBILITY_LEVEL, FK_PRODUCT_STATUS_ID, FK_OBSERVATIONS_TYPE_ID, FK_CONTRACT_ID, FK_OPINION_ID, FK_RATING_ID, FK_CLAUSE_INDIVIDUAL_ID, FK_HIRING_MODALITY_ID, FISCAL_YEAR, ISSUE_DATE, SUBMISSION_DATE, CUT_OFF_DATE, OPINION_DESCRIPTION, AUDIT_HOURS, AUDIT_COST, OBSERVATION_DESCRIPTION, IS_FINAL_AUDIT, DISABLE_NOTIFICATIONS, EXTENSION_REQUIERED, GRACE_PERIOD_EXTENSION_DATE, MIGRATED_DUE_DATE, CREATED, CREATED_BY, MODIFIED, MODIFIED_BY) VALUES (39+@EA_INC, 3885, 'Independent Audit Firms', null, 'Eligible +', 17511, null, 5707, 17517, null, null, null, '2016', null, null, null, null, null, null, null, null, null, null, null, '2017-04-30', @CREATED, @CREATED_BY, null, null);
INSERT INTO EXTERNAL_AUDIT (EXTERNAL_AUDIT_ID, FK_AUDITOR_ID, AUDITOR_TYPE, FK_AUDIT_TYPE_ID, ELIGIBILITY_LEVEL, FK_PRODUCT_STATUS_ID, FK_OBSERVATIONS_TYPE_ID, FK_CONTRACT_ID, FK_OPINION_ID, FK_RATING_ID, FK_CLAUSE_INDIVIDUAL_ID, FK_HIRING_MODALITY_ID, FISCAL_YEAR, ISSUE_DATE, SUBMISSION_DATE, CUT_OFF_DATE, OPINION_DESCRIPTION, AUDIT_HOURS, AUDIT_COST, OBSERVATION_DESCRIPTION, IS_FINAL_AUDIT, DISABLE_NOTIFICATIONS, EXTENSION_REQUIERED, GRACE_PERIOD_EXTENSION_DATE, MIGRATED_DUE_DATE, CREATED, CREATED_BY, MODIFIED, MODIFIED_BY) VALUES (40+@EA_INC, 3885, 'Independent Audit Firms', null, 'Eligible +', 17511, null, 5707, 17517, null, null, null, '2017', null, null, null, null, null, null, null, null, null, null, null, '2017-11-30', @CREATED, @CREATED_BY, null, null);
INSERT INTO EXTERNAL_AUDIT (EXTERNAL_AUDIT_ID, FK_AUDITOR_ID, AUDITOR_TYPE, FK_AUDIT_TYPE_ID, ELIGIBILITY_LEVEL, FK_PRODUCT_STATUS_ID, FK_OBSERVATIONS_TYPE_ID, FK_CONTRACT_ID, FK_OPINION_ID, FK_RATING_ID, FK_CLAUSE_INDIVIDUAL_ID, FK_HIRING_MODALITY_ID, FISCAL_YEAR, ISSUE_DATE, SUBMISSION_DATE, CUT_OFF_DATE, OPINION_DESCRIPTION, AUDIT_HOURS, AUDIT_COST, OBSERVATION_DESCRIPTION, IS_FINAL_AUDIT, DISABLE_NOTIFICATIONS, EXTENSION_REQUIERED, GRACE_PERIOD_EXTENSION_DATE, MIGRATED_DUE_DATE, CREATED, CREATED_BY, MODIFIED, MODIFIED_BY) VALUES (41+@EA_INC, 2369, 'Independent Audit Firms', null, 'Eligible +', 17511, null, 2577, 17517, null, null, null, '2016', null, null, null, null, null, null, null, null, null, null, null, '2017-04-30', @CREATED, @CREATED_BY, null, null);
INSERT INTO EXTERNAL_AUDIT (EXTERNAL_AUDIT_ID, FK_AUDITOR_ID, AUDITOR_TYPE, FK_AUDIT_TYPE_ID, ELIGIBILITY_LEVEL, FK_PRODUCT_STATUS_ID, FK_OBSERVATIONS_TYPE_ID, FK_CONTRACT_ID, FK_OPINION_ID, FK_RATING_ID, FK_CLAUSE_INDIVIDUAL_ID, FK_HIRING_MODALITY_ID, FISCAL_YEAR, ISSUE_DATE, SUBMISSION_DATE, CUT_OFF_DATE, OPINION_DESCRIPTION, AUDIT_HOURS, AUDIT_COST, OBSERVATION_DESCRIPTION, IS_FINAL_AUDIT, DISABLE_NOTIFICATIONS, EXTENSION_REQUIERED, GRACE_PERIOD_EXTENSION_DATE, MIGRATED_DUE_DATE, CREATED, CREATED_BY, MODIFIED, MODIFIED_BY) VALUES (42+@EA_INC, 3885, 'Independent Audit Firms', null, 'Eligible +', 17511, null, 2169, 17517, null, null, null, '2016', null, null, null, null, null, null, null, null, null, null, null, '2017-04-30', @CREATED, @CREATED_BY, null, null);
INSERT INTO EXTERNAL_AUDIT (EXTERNAL_AUDIT_ID, FK_AUDITOR_ID, AUDITOR_TYPE, FK_AUDIT_TYPE_ID, ELIGIBILITY_LEVEL, FK_PRODUCT_STATUS_ID, FK_OBSERVATIONS_TYPE_ID, FK_CONTRACT_ID, FK_OPINION_ID, FK_RATING_ID, FK_CLAUSE_INDIVIDUAL_ID, FK_HIRING_MODALITY_ID, FISCAL_YEAR, ISSUE_DATE, SUBMISSION_DATE, CUT_OFF_DATE, OPINION_DESCRIPTION, AUDIT_HOURS, AUDIT_COST, OBSERVATION_DESCRIPTION, IS_FINAL_AUDIT, DISABLE_NOTIFICATIONS, EXTENSION_REQUIERED, GRACE_PERIOD_EXTENSION_DATE, MIGRATED_DUE_DATE, CREATED, CREATED_BY, MODIFIED, MODIFIED_BY) VALUES (43+@EA_INC, 3885, 'Independent Audit Firms', null, 'Eligible +', 17511, null, 5711, 17517, null, null, null, '2016', null, null, null, null, null, null, null, null, null, null, null, '2017-04-30', @CREATED, @CREATED_BY, null, null);
INSERT INTO EXTERNAL_AUDIT (EXTERNAL_AUDIT_ID, FK_AUDITOR_ID, AUDITOR_TYPE, FK_AUDIT_TYPE_ID, ELIGIBILITY_LEVEL, FK_PRODUCT_STATUS_ID, FK_OBSERVATIONS_TYPE_ID, FK_CONTRACT_ID, FK_OPINION_ID, FK_RATING_ID, FK_CLAUSE_INDIVIDUAL_ID, FK_HIRING_MODALITY_ID, FISCAL_YEAR, ISSUE_DATE, SUBMISSION_DATE, CUT_OFF_DATE, OPINION_DESCRIPTION, AUDIT_HOURS, AUDIT_COST, OBSERVATION_DESCRIPTION, IS_FINAL_AUDIT, DISABLE_NOTIFICATIONS, EXTENSION_REQUIERED, GRACE_PERIOD_EXTENSION_DATE, MIGRATED_DUE_DATE, CREATED, CREATED_BY, MODIFIED, MODIFIED_BY) VALUES (44+@EA_INC, 3885, 'Independent Audit Firms', null, 'Eligible +', 17511, null, 5711, 17517, null, null, null, '2017', null, null, null, null, null, null, null, null, null, null, null, '2018-04-30', @CREATED, @CREATED_BY, null, null);
INSERT INTO EXTERNAL_AUDIT (EXTERNAL_AUDIT_ID, FK_AUDITOR_ID, AUDITOR_TYPE, FK_AUDIT_TYPE_ID, ELIGIBILITY_LEVEL, FK_PRODUCT_STATUS_ID, FK_OBSERVATIONS_TYPE_ID, FK_CONTRACT_ID, FK_OPINION_ID, FK_RATING_ID, FK_CLAUSE_INDIVIDUAL_ID, FK_HIRING_MODALITY_ID, FISCAL_YEAR, ISSUE_DATE, SUBMISSION_DATE, CUT_OFF_DATE, OPINION_DESCRIPTION, AUDIT_HOURS, AUDIT_COST, OBSERVATION_DESCRIPTION, IS_FINAL_AUDIT, DISABLE_NOTIFICATIONS, EXTENSION_REQUIERED, GRACE_PERIOD_EXTENSION_DATE, MIGRATED_DUE_DATE, CREATED, CREATED_BY, MODIFIED, MODIFIED_BY) VALUES (45+@EA_INC, 3885, 'Independent Audit Firms', null, 'Eligible +', 17511, null, 5711, 17517, null, null, null, '2018', null, null, null, null, null, null, null, null, null, null, null, '2019-04-30', @CREATED, @CREATED_BY, null, null);
INSERT INTO EXTERNAL_AUDIT (EXTERNAL_AUDIT_ID, FK_AUDITOR_ID, AUDITOR_TYPE, FK_AUDIT_TYPE_ID, ELIGIBILITY_LEVEL, FK_PRODUCT_STATUS_ID, FK_OBSERVATIONS_TYPE_ID, FK_CONTRACT_ID, FK_OPINION_ID, FK_RATING_ID, FK_CLAUSE_INDIVIDUAL_ID, FK_HIRING_MODALITY_ID, FISCAL_YEAR, ISSUE_DATE, SUBMISSION_DATE, CUT_OFF_DATE, OPINION_DESCRIPTION, AUDIT_HOURS, AUDIT_COST, OBSERVATION_DESCRIPTION, IS_FINAL_AUDIT, DISABLE_NOTIFICATIONS, EXTENSION_REQUIERED, GRACE_PERIOD_EXTENSION_DATE, MIGRATED_DUE_DATE, CREATED, CREATED_BY, MODIFIED, MODIFIED_BY) VALUES (46+@EA_INC, 3885, 'Independent Audit Firms', null, 'Eligible +', 17511, null, 21210, 17517, null, null, null, '2018', null, null, null, null, null, null, null, null, null, null, null, '2019-04-30', @CREATED, @CREATED_BY, null, null);
INSERT INTO EXTERNAL_AUDIT (EXTERNAL_AUDIT_ID, FK_AUDITOR_ID, AUDITOR_TYPE, FK_AUDIT_TYPE_ID, ELIGIBILITY_LEVEL, FK_PRODUCT_STATUS_ID, FK_OBSERVATIONS_TYPE_ID, FK_CONTRACT_ID, FK_OPINION_ID, FK_RATING_ID, FK_CLAUSE_INDIVIDUAL_ID, FK_HIRING_MODALITY_ID, FISCAL_YEAR, ISSUE_DATE, SUBMISSION_DATE, CUT_OFF_DATE, OPINION_DESCRIPTION, AUDIT_HOURS, AUDIT_COST, OBSERVATION_DESCRIPTION, IS_FINAL_AUDIT, DISABLE_NOTIFICATIONS, EXTENSION_REQUIERED, GRACE_PERIOD_EXTENSION_DATE, MIGRATED_DUE_DATE, CREATED, CREATED_BY, MODIFIED, MODIFIED_BY) VALUES (47+@EA_INC, 3885, 'Independent Audit Firms', null, 'Eligible +', 17511, null, 21211, 17517, null, null, null, '2018', null, null, null, null, null, null, null, null, null, null, null, '2019-04-30', @CREATED, @CREATED_BY, null, null);
INSERT INTO EXTERNAL_AUDIT (EXTERNAL_AUDIT_ID, FK_AUDITOR_ID, AUDITOR_TYPE, FK_AUDIT_TYPE_ID, ELIGIBILITY_LEVEL, FK_PRODUCT_STATUS_ID, FK_OBSERVATIONS_TYPE_ID, FK_CONTRACT_ID, FK_OPINION_ID, FK_RATING_ID, FK_CLAUSE_INDIVIDUAL_ID, FK_HIRING_MODALITY_ID, FISCAL_YEAR, ISSUE_DATE, SUBMISSION_DATE, CUT_OFF_DATE, OPINION_DESCRIPTION, AUDIT_HOURS, AUDIT_COST, OBSERVATION_DESCRIPTION, IS_FINAL_AUDIT, DISABLE_NOTIFICATIONS, EXTENSION_REQUIERED, GRACE_PERIOD_EXTENSION_DATE, MIGRATED_DUE_DATE, CREATED, CREATED_BY, MODIFIED, MODIFIED_BY) VALUES (48+@EA_INC, 12917, 'Independent Audit Firms', null, 'Eligible', 17511, null, 5644, 17517, null, null, null, '2017', null, null, null, null, null, null, null, null, null, null, null, '2018-06-30', @CREATED, @CREATED_BY, null, null);
INSERT INTO EXTERNAL_AUDIT (EXTERNAL_AUDIT_ID, FK_AUDITOR_ID, AUDITOR_TYPE, FK_AUDIT_TYPE_ID, ELIGIBILITY_LEVEL, FK_PRODUCT_STATUS_ID, FK_OBSERVATIONS_TYPE_ID, FK_CONTRACT_ID, FK_OPINION_ID, FK_RATING_ID, FK_CLAUSE_INDIVIDUAL_ID, FK_HIRING_MODALITY_ID, FISCAL_YEAR, ISSUE_DATE, SUBMISSION_DATE, CUT_OFF_DATE, OPINION_DESCRIPTION, AUDIT_HOURS, AUDIT_COST, OBSERVATION_DESCRIPTION, IS_FINAL_AUDIT, DISABLE_NOTIFICATIONS, EXTENSION_REQUIERED, GRACE_PERIOD_EXTENSION_DATE, MIGRATED_DUE_DATE, CREATED, CREATED_BY, MODIFIED, MODIFIED_BY) VALUES (49+@EA_INC, 12917, 'Independent Audit Firms', null, 'Eligible', 17511, null, 5644, 17517, null, null, null, '2018', null, null, null, null, null, null, null, null, null, null, null, '2019-04-30', @CREATED, @CREATED_BY, null, null);
INSERT INTO EXTERNAL_AUDIT (EXTERNAL_AUDIT_ID, FK_AUDITOR_ID, AUDITOR_TYPE, FK_AUDIT_TYPE_ID, ELIGIBILITY_LEVEL, FK_PRODUCT_STATUS_ID, FK_OBSERVATIONS_TYPE_ID, FK_CONTRACT_ID, FK_OPINION_ID, FK_RATING_ID, FK_CLAUSE_INDIVIDUAL_ID, FK_HIRING_MODALITY_ID, FISCAL_YEAR, ISSUE_DATE, SUBMISSION_DATE, CUT_OFF_DATE, OPINION_DESCRIPTION, AUDIT_HOURS, AUDIT_COST, OBSERVATION_DESCRIPTION, IS_FINAL_AUDIT, DISABLE_NOTIFICATIONS, EXTENSION_REQUIERED, GRACE_PERIOD_EXTENSION_DATE, MIGRATED_DUE_DATE, CREATED, CREATED_BY, MODIFIED, MODIFIED_BY) VALUES (50+@EA_INC, 2369, 'Independent Audit Firms', null, 'Eligible +', 17511, null, 29, 17517, null, null, null, '2014', null, null, null, null, null, null, null, null, null, null, null, '2015-04-30', @CREATED, @CREATED_BY, null, null);
INSERT INTO EXTERNAL_AUDIT (EXTERNAL_AUDIT_ID, FK_AUDITOR_ID, AUDITOR_TYPE, FK_AUDIT_TYPE_ID, ELIGIBILITY_LEVEL, FK_PRODUCT_STATUS_ID, FK_OBSERVATIONS_TYPE_ID, FK_CONTRACT_ID, FK_OPINION_ID, FK_RATING_ID, FK_CLAUSE_INDIVIDUAL_ID, FK_HIRING_MODALITY_ID, FISCAL_YEAR, ISSUE_DATE, SUBMISSION_DATE, CUT_OFF_DATE, OPINION_DESCRIPTION, AUDIT_HOURS, AUDIT_COST, OBSERVATION_DESCRIPTION, IS_FINAL_AUDIT, DISABLE_NOTIFICATIONS, EXTENSION_REQUIERED, GRACE_PERIOD_EXTENSION_DATE, MIGRATED_DUE_DATE, CREATED, CREATED_BY, MODIFIED, MODIFIED_BY) VALUES (51+@EA_INC, 2369, 'Independent Audit Firms', null, 'Eligible +', 17511, null, 1920, 17517, null, null, null, '2014', null, null, null, null, null, null, null, null, null, null, null, '2015-04-30', @CREATED, @CREATED_BY, null, null);
INSERT INTO EXTERNAL_AUDIT (EXTERNAL_AUDIT_ID, FK_AUDITOR_ID, AUDITOR_TYPE, FK_AUDIT_TYPE_ID, ELIGIBILITY_LEVEL, FK_PRODUCT_STATUS_ID, FK_OBSERVATIONS_TYPE_ID, FK_CONTRACT_ID, FK_OPINION_ID, FK_RATING_ID, FK_CLAUSE_INDIVIDUAL_ID, FK_HIRING_MODALITY_ID, FISCAL_YEAR, ISSUE_DATE, SUBMISSION_DATE, CUT_OFF_DATE, OPINION_DESCRIPTION, AUDIT_HOURS, AUDIT_COST, OBSERVATION_DESCRIPTION, IS_FINAL_AUDIT, DISABLE_NOTIFICATIONS, EXTENSION_REQUIERED, GRACE_PERIOD_EXTENSION_DATE, MIGRATED_DUE_DATE, CREATED, CREATED_BY, MODIFIED, MODIFIED_BY) VALUES (52+@EA_INC, 3885, 'Independent Audit Firms', null, 'Eligible +', 17511, null, 6431, 17517, null, null, null, '2016', null, null, null, null, null, null, null, null, null, null, null, '2017-04-30', @CREATED, @CREATED_BY, null, null);
INSERT INTO EXTERNAL_AUDIT (EXTERNAL_AUDIT_ID, FK_AUDITOR_ID, AUDITOR_TYPE, FK_AUDIT_TYPE_ID, ELIGIBILITY_LEVEL, FK_PRODUCT_STATUS_ID, FK_OBSERVATIONS_TYPE_ID, FK_CONTRACT_ID, FK_OPINION_ID, FK_RATING_ID, FK_CLAUSE_INDIVIDUAL_ID, FK_HIRING_MODALITY_ID, FISCAL_YEAR, ISSUE_DATE, SUBMISSION_DATE, CUT_OFF_DATE, OPINION_DESCRIPTION, AUDIT_HOURS, AUDIT_COST, OBSERVATION_DESCRIPTION, IS_FINAL_AUDIT, DISABLE_NOTIFICATIONS, EXTENSION_REQUIERED, GRACE_PERIOD_EXTENSION_DATE, MIGRATED_DUE_DATE, CREATED, CREATED_BY, MODIFIED, MODIFIED_BY) VALUES (53+@EA_INC, 3885, 'Independent Audit Firms', null, 'Eligible +', 17511, null, 6431, 17517, null, null, null, '2017', null, null, null, null, null, null, null, null, null, null, null, '2018-04-30', @CREATED, @CREATED_BY, null, null);
INSERT INTO EXTERNAL_AUDIT (EXTERNAL_AUDIT_ID, FK_AUDITOR_ID, AUDITOR_TYPE, FK_AUDIT_TYPE_ID, ELIGIBILITY_LEVEL, FK_PRODUCT_STATUS_ID, FK_OBSERVATIONS_TYPE_ID, FK_CONTRACT_ID, FK_OPINION_ID, FK_RATING_ID, FK_CLAUSE_INDIVIDUAL_ID, FK_HIRING_MODALITY_ID, FISCAL_YEAR, ISSUE_DATE, SUBMISSION_DATE, CUT_OFF_DATE, OPINION_DESCRIPTION, AUDIT_HOURS, AUDIT_COST, OBSERVATION_DESCRIPTION, IS_FINAL_AUDIT, DISABLE_NOTIFICATIONS, EXTENSION_REQUIERED, GRACE_PERIOD_EXTENSION_DATE, MIGRATED_DUE_DATE, CREATED, CREATED_BY, MODIFIED, MODIFIED_BY) VALUES (54+@EA_INC, 2369, 'Independent Audit Firms', null, 'Eligible +', 17511, null, 2577, 17517, null, null, null, '2017', null, null, null, null, null, null, null, null, null, null, null, '2018-01-01', @CREATED, @CREATED_BY, null, null);
INSERT INTO EXTERNAL_AUDIT (EXTERNAL_AUDIT_ID, FK_AUDITOR_ID, AUDITOR_TYPE, FK_AUDIT_TYPE_ID, ELIGIBILITY_LEVEL, FK_PRODUCT_STATUS_ID, FK_OBSERVATIONS_TYPE_ID, FK_CONTRACT_ID, FK_OPINION_ID, FK_RATING_ID, FK_CLAUSE_INDIVIDUAL_ID, FK_HIRING_MODALITY_ID, FISCAL_YEAR, ISSUE_DATE, SUBMISSION_DATE, CUT_OFF_DATE, OPINION_DESCRIPTION, AUDIT_HOURS, AUDIT_COST, OBSERVATION_DESCRIPTION, IS_FINAL_AUDIT, DISABLE_NOTIFICATIONS, EXTENSION_REQUIERED, GRACE_PERIOD_EXTENSION_DATE, MIGRATED_DUE_DATE, CREATED, CREATED_BY, MODIFIED, MODIFIED_BY) VALUES (55+@EA_INC, 541, 'Independent Audit Firms', null, 'Eligible', 17511, null, 6803, 17517, null, null, null, '2018', null, null, null, null, null, null, null, null, null, null, null, '2018-05-31', @CREATED, @CREATED_BY, null, null);
INSERT INTO EXTERNAL_AUDIT (EXTERNAL_AUDIT_ID, FK_AUDITOR_ID, AUDITOR_TYPE, FK_AUDIT_TYPE_ID, ELIGIBILITY_LEVEL, FK_PRODUCT_STATUS_ID, FK_OBSERVATIONS_TYPE_ID, FK_CONTRACT_ID, FK_OPINION_ID, FK_RATING_ID, FK_CLAUSE_INDIVIDUAL_ID, FK_HIRING_MODALITY_ID, FISCAL_YEAR, ISSUE_DATE, SUBMISSION_DATE, CUT_OFF_DATE, OPINION_DESCRIPTION, AUDIT_HOURS, AUDIT_COST, OBSERVATION_DESCRIPTION, IS_FINAL_AUDIT, DISABLE_NOTIFICATIONS, EXTENSION_REQUIERED, GRACE_PERIOD_EXTENSION_DATE, MIGRATED_DUE_DATE, CREATED, CREATED_BY, MODIFIED, MODIFIED_BY) VALUES (56+@EA_INC, 3885, 'Independent Audit Firms', null, 'Eligible +', 17511, null, 2423, 17517, null, null, null, '2017', null, null, null, null, null, null, null, null, null, null, null, '2017-07-31', @CREATED, @CREATED_BY, null, null);
INSERT INTO EXTERNAL_AUDIT (EXTERNAL_AUDIT_ID, FK_AUDITOR_ID, AUDITOR_TYPE, FK_AUDIT_TYPE_ID, ELIGIBILITY_LEVEL, FK_PRODUCT_STATUS_ID, FK_OBSERVATIONS_TYPE_ID, FK_CONTRACT_ID, FK_OPINION_ID, FK_RATING_ID, FK_CLAUSE_INDIVIDUAL_ID, FK_HIRING_MODALITY_ID, FISCAL_YEAR, ISSUE_DATE, SUBMISSION_DATE, CUT_OFF_DATE, OPINION_DESCRIPTION, AUDIT_HOURS, AUDIT_COST, OBSERVATION_DESCRIPTION, IS_FINAL_AUDIT, DISABLE_NOTIFICATIONS, EXTENSION_REQUIERED, GRACE_PERIOD_EXTENSION_DATE, MIGRATED_DUE_DATE, CREATED, CREATED_BY, MODIFIED, MODIFIED_BY) VALUES (57+@EA_INC, 1870, 'Independent Audit Firms', null, 'Eligible', 17510, null, 8409, null, null, null, null, '2018', null, null, null, null, null, null, null, null, null, null, null, '2019-01-21', @CREATED, @CREATED_BY, null, null);
INSERT INTO EXTERNAL_AUDIT (EXTERNAL_AUDIT_ID, FK_AUDITOR_ID, AUDITOR_TYPE, FK_AUDIT_TYPE_ID, ELIGIBILITY_LEVEL, FK_PRODUCT_STATUS_ID, FK_OBSERVATIONS_TYPE_ID, FK_CONTRACT_ID, FK_OPINION_ID, FK_RATING_ID, FK_CLAUSE_INDIVIDUAL_ID, FK_HIRING_MODALITY_ID, FISCAL_YEAR, ISSUE_DATE, SUBMISSION_DATE, CUT_OFF_DATE, OPINION_DESCRIPTION, AUDIT_HOURS, AUDIT_COST, OBSERVATION_DESCRIPTION, IS_FINAL_AUDIT, DISABLE_NOTIFICATIONS, EXTENSION_REQUIERED, GRACE_PERIOD_EXTENSION_DATE, MIGRATED_DUE_DATE, CREATED, CREATED_BY, MODIFIED, MODIFIED_BY) VALUES (58+@EA_INC, 12928, 'Independent Audit Firms', null, 'Eligible +', 17511, null, 22745, 17518, null, null, null, '2018', null, null, null, null, null, null, null, null, null, null, null, '2019-04-30', @CREATED, @CREATED_BY, null, null);
INSERT INTO EXTERNAL_AUDIT (EXTERNAL_AUDIT_ID, FK_AUDITOR_ID, AUDITOR_TYPE, FK_AUDIT_TYPE_ID, ELIGIBILITY_LEVEL, FK_PRODUCT_STATUS_ID, FK_OBSERVATIONS_TYPE_ID, FK_CONTRACT_ID, FK_OPINION_ID, FK_RATING_ID, FK_CLAUSE_INDIVIDUAL_ID, FK_HIRING_MODALITY_ID, FISCAL_YEAR, ISSUE_DATE, SUBMISSION_DATE, CUT_OFF_DATE, OPINION_DESCRIPTION, AUDIT_HOURS, AUDIT_COST, OBSERVATION_DESCRIPTION, IS_FINAL_AUDIT, DISABLE_NOTIFICATIONS, EXTENSION_REQUIERED, GRACE_PERIOD_EXTENSION_DATE, MIGRATED_DUE_DATE, CREATED, CREATED_BY, MODIFIED, MODIFIED_BY) VALUES (59+@EA_INC, 6979, 'Independent Audit Firms', null, 'Eligible +', 17511, null, 2007, 17517, null, null, null, '2018', null, null, null, null, null, null, null, null, null, null, null, '2019-01-04', @CREATED, @CREATED_BY, null, null);
INSERT INTO EXTERNAL_AUDIT (EXTERNAL_AUDIT_ID, FK_AUDITOR_ID, AUDITOR_TYPE, FK_AUDIT_TYPE_ID, ELIGIBILITY_LEVEL, FK_PRODUCT_STATUS_ID, FK_OBSERVATIONS_TYPE_ID, FK_CONTRACT_ID, FK_OPINION_ID, FK_RATING_ID, FK_CLAUSE_INDIVIDUAL_ID, FK_HIRING_MODALITY_ID, FISCAL_YEAR, ISSUE_DATE, SUBMISSION_DATE, CUT_OFF_DATE, OPINION_DESCRIPTION, AUDIT_HOURS, AUDIT_COST, OBSERVATION_DESCRIPTION, IS_FINAL_AUDIT, DISABLE_NOTIFICATIONS, EXTENSION_REQUIERED, GRACE_PERIOD_EXTENSION_DATE, MIGRATED_DUE_DATE, CREATED, CREATED_BY, MODIFIED, MODIFIED_BY) VALUES (60+@EA_INC, 6979, 'Independent Audit Firms', null, 'Eligible +', 17511, null, 22528, 17517, null, null, null, '2017', null, null, null, null, null, null, null, null, null, null, null, '2018-04-30', @CREATED, @CREATED_BY, null, null);
INSERT INTO EXTERNAL_AUDIT (EXTERNAL_AUDIT_ID, FK_AUDITOR_ID, AUDITOR_TYPE, FK_AUDIT_TYPE_ID, ELIGIBILITY_LEVEL, FK_PRODUCT_STATUS_ID, FK_OBSERVATIONS_TYPE_ID, FK_CONTRACT_ID, FK_OPINION_ID, FK_RATING_ID, FK_CLAUSE_INDIVIDUAL_ID, FK_HIRING_MODALITY_ID, FISCAL_YEAR, ISSUE_DATE, SUBMISSION_DATE, CUT_OFF_DATE, OPINION_DESCRIPTION, AUDIT_HOURS, AUDIT_COST, OBSERVATION_DESCRIPTION, IS_FINAL_AUDIT, DISABLE_NOTIFICATIONS, EXTENSION_REQUIERED, GRACE_PERIOD_EXTENSION_DATE, MIGRATED_DUE_DATE, CREATED, CREATED_BY, MODIFIED, MODIFIED_BY) VALUES (61+@EA_INC, 6979, 'Independent Audit Firms', null, 'Eligible +', 17511, null, 22528, 17517, null, null, null, '2018', null, null, null, null, null, null, null, null, null, null, null, '2019-04-30', @CREATED, @CREATED_BY, null, null);
INSERT INTO EXTERNAL_AUDIT (EXTERNAL_AUDIT_ID, FK_AUDITOR_ID, AUDITOR_TYPE, FK_AUDIT_TYPE_ID, ELIGIBILITY_LEVEL, FK_PRODUCT_STATUS_ID, FK_OBSERVATIONS_TYPE_ID, FK_CONTRACT_ID, FK_OPINION_ID, FK_RATING_ID, FK_CLAUSE_INDIVIDUAL_ID, FK_HIRING_MODALITY_ID, FISCAL_YEAR, ISSUE_DATE, SUBMISSION_DATE, CUT_OFF_DATE, OPINION_DESCRIPTION, AUDIT_HOURS, AUDIT_COST, OBSERVATION_DESCRIPTION, IS_FINAL_AUDIT, DISABLE_NOTIFICATIONS, EXTENSION_REQUIERED, GRACE_PERIOD_EXTENSION_DATE, MIGRATED_DUE_DATE, CREATED, CREATED_BY, MODIFIED, MODIFIED_BY) VALUES (62+@EA_INC, 1870, 'Independent Audit Firms', null, 'Eligible', 17511, null, 8319, 17517, null, null, null, '2017', null, null, null, null, null, null, null, null, null, null, null, '2018-04-30', @CREATED, @CREATED_BY, null, null);
INSERT INTO EXTERNAL_AUDIT (EXTERNAL_AUDIT_ID, FK_AUDITOR_ID, AUDITOR_TYPE, FK_AUDIT_TYPE_ID, ELIGIBILITY_LEVEL, FK_PRODUCT_STATUS_ID, FK_OBSERVATIONS_TYPE_ID, FK_CONTRACT_ID, FK_OPINION_ID, FK_RATING_ID, FK_CLAUSE_INDIVIDUAL_ID, FK_HIRING_MODALITY_ID, FISCAL_YEAR, ISSUE_DATE, SUBMISSION_DATE, CUT_OFF_DATE, OPINION_DESCRIPTION, AUDIT_HOURS, AUDIT_COST, OBSERVATION_DESCRIPTION, IS_FINAL_AUDIT, DISABLE_NOTIFICATIONS, EXTENSION_REQUIERED, GRACE_PERIOD_EXTENSION_DATE, MIGRATED_DUE_DATE, CREATED, CREATED_BY, MODIFIED, MODIFIED_BY) VALUES (63+@EA_INC, 1870, 'Independent Audit Firms', null, 'Eligible', 17510, null, 8319, null, null, null, null, '2018', null, null, null, null, null, null, null, null, null, null, null, '2019-01-21', @CREATED, @CREATED_BY, null, null);
INSERT INTO EXTERNAL_AUDIT (EXTERNAL_AUDIT_ID, FK_AUDITOR_ID, AUDITOR_TYPE, FK_AUDIT_TYPE_ID, ELIGIBILITY_LEVEL, FK_PRODUCT_STATUS_ID, FK_OBSERVATIONS_TYPE_ID, FK_CONTRACT_ID, FK_OPINION_ID, FK_RATING_ID, FK_CLAUSE_INDIVIDUAL_ID, FK_HIRING_MODALITY_ID, FISCAL_YEAR, ISSUE_DATE, SUBMISSION_DATE, CUT_OFF_DATE, OPINION_DESCRIPTION, AUDIT_HOURS, AUDIT_COST, OBSERVATION_DESCRIPTION, IS_FINAL_AUDIT, DISABLE_NOTIFICATIONS, EXTENSION_REQUIERED, GRACE_PERIOD_EXTENSION_DATE, MIGRATED_DUE_DATE, CREATED, CREATED_BY, MODIFIED, MODIFIED_BY) VALUES (64+@EA_INC, 3885, 'Independent Audit Firms', null, 'Eligible +', 17511, null, 21211, 17517, null, null, null, '2017', null, null, null, null, null, null, null, null, null, null, null, '2018-04-30', @CREATED, @CREATED_BY, null, null);
INSERT INTO EXTERNAL_AUDIT (EXTERNAL_AUDIT_ID, FK_AUDITOR_ID, AUDITOR_TYPE, FK_AUDIT_TYPE_ID, ELIGIBILITY_LEVEL, FK_PRODUCT_STATUS_ID, FK_OBSERVATIONS_TYPE_ID, FK_CONTRACT_ID, FK_OPINION_ID, FK_RATING_ID, FK_CLAUSE_INDIVIDUAL_ID, FK_HIRING_MODALITY_ID, FISCAL_YEAR, ISSUE_DATE, SUBMISSION_DATE, CUT_OFF_DATE, OPINION_DESCRIPTION, AUDIT_HOURS, AUDIT_COST, OBSERVATION_DESCRIPTION, IS_FINAL_AUDIT, DISABLE_NOTIFICATIONS, EXTENSION_REQUIERED, GRACE_PERIOD_EXTENSION_DATE, MIGRATED_DUE_DATE, CREATED, CREATED_BY, MODIFIED, MODIFIED_BY) VALUES (65+@EA_INC, 3885, 'Independent Audit Firms', null, 'Eligible +', 17511, null, 21210, 17517, null, null, null, '2017', null, null, null, null, null, null, null, null, null, null, null, '2018-04-30', @CREATED, @CREATED_BY, null, null);
INSERT INTO EXTERNAL_AUDIT (EXTERNAL_AUDIT_ID, FK_AUDITOR_ID, AUDITOR_TYPE, FK_AUDIT_TYPE_ID, ELIGIBILITY_LEVEL, FK_PRODUCT_STATUS_ID, FK_OBSERVATIONS_TYPE_ID, FK_CONTRACT_ID, FK_OPINION_ID, FK_RATING_ID, FK_CLAUSE_INDIVIDUAL_ID, FK_HIRING_MODALITY_ID, FISCAL_YEAR, ISSUE_DATE, SUBMISSION_DATE, CUT_OFF_DATE, OPINION_DESCRIPTION, AUDIT_HOURS, AUDIT_COST, OBSERVATION_DESCRIPTION, IS_FINAL_AUDIT, DISABLE_NOTIFICATIONS, EXTENSION_REQUIERED, GRACE_PERIOD_EXTENSION_DATE, MIGRATED_DUE_DATE, CREATED, CREATED_BY, MODIFIED, MODIFIED_BY) VALUES (66+@EA_INC, 1870, 'Independent Audit Firms', null, 'Eligible', 17511, null, 8409, 17517, null, null, null, '2017', null, null, null, null, null, null, null, null, null, null, null, '2018-04-30', @CREATED, @CREATED_BY, null, null);
INSERT INTO EXTERNAL_AUDIT (EXTERNAL_AUDIT_ID, FK_AUDITOR_ID, AUDITOR_TYPE, FK_AUDIT_TYPE_ID, ELIGIBILITY_LEVEL, FK_PRODUCT_STATUS_ID, FK_OBSERVATIONS_TYPE_ID, FK_CONTRACT_ID, FK_OPINION_ID, FK_RATING_ID, FK_CLAUSE_INDIVIDUAL_ID, FK_HIRING_MODALITY_ID, FISCAL_YEAR, ISSUE_DATE, SUBMISSION_DATE, CUT_OFF_DATE, OPINION_DESCRIPTION, AUDIT_HOURS, AUDIT_COST, OBSERVATION_DESCRIPTION, IS_FINAL_AUDIT, DISABLE_NOTIFICATIONS, EXTENSION_REQUIERED, GRACE_PERIOD_EXTENSION_DATE, MIGRATED_DUE_DATE, CREATED, CREATED_BY, MODIFIED, MODIFIED_BY) VALUES (67+@EA_INC, 3885, 'Independent Audit Firms', null, 'Eligible +', 17511, null, 2323, 17517, null, null, null, '2015', null, null, null, null, null, null, null, null, null, null, null, '2016-04-29', @CREATED, @CREATED_BY, null, null);
INSERT INTO EXTERNAL_AUDIT (EXTERNAL_AUDIT_ID, FK_AUDITOR_ID, AUDITOR_TYPE, FK_AUDIT_TYPE_ID, ELIGIBILITY_LEVEL, FK_PRODUCT_STATUS_ID, FK_OBSERVATIONS_TYPE_ID, FK_CONTRACT_ID, FK_OPINION_ID, FK_RATING_ID, FK_CLAUSE_INDIVIDUAL_ID, FK_HIRING_MODALITY_ID, FISCAL_YEAR, ISSUE_DATE, SUBMISSION_DATE, CUT_OFF_DATE, OPINION_DESCRIPTION, AUDIT_HOURS, AUDIT_COST, OBSERVATION_DESCRIPTION, IS_FINAL_AUDIT, DISABLE_NOTIFICATIONS, EXTENSION_REQUIERED, GRACE_PERIOD_EXTENSION_DATE, MIGRATED_DUE_DATE, CREATED, CREATED_BY, MODIFIED, MODIFIED_BY) VALUES (68+@EA_INC, 2369, 'Independent Audit Firms', null, 'Eligible +', 17511, null, 29868, 17517, null, null, null, '2018', null, null, null, null, null, null, null, null, null, null, null, '2019-04-30', @CREATED, @CREATED_BY, null, null);
INSERT INTO EXTERNAL_AUDIT (EXTERNAL_AUDIT_ID, FK_AUDITOR_ID, AUDITOR_TYPE, FK_AUDIT_TYPE_ID, ELIGIBILITY_LEVEL, FK_PRODUCT_STATUS_ID, FK_OBSERVATIONS_TYPE_ID, FK_CONTRACT_ID, FK_OPINION_ID, FK_RATING_ID, FK_CLAUSE_INDIVIDUAL_ID, FK_HIRING_MODALITY_ID, FISCAL_YEAR, ISSUE_DATE, SUBMISSION_DATE, CUT_OFF_DATE, OPINION_DESCRIPTION, AUDIT_HOURS, AUDIT_COST, OBSERVATION_DESCRIPTION, IS_FINAL_AUDIT, DISABLE_NOTIFICATIONS, EXTENSION_REQUIERED, GRACE_PERIOD_EXTENSION_DATE, MIGRATED_DUE_DATE, CREATED, CREATED_BY, MODIFIED, MODIFIED_BY) VALUES (69+@EA_INC, 2369, 'Independent Audit Firms', null, 'Eligible +', 17511, null, 29, 17517, null, null, null, '2018', null, null, null, null, null, null, null, null, null, null, null, '2019-04-30', @CREATED, @CREATED_BY, null, null);

SET IDENTITY_INSERT EXTERNAL_AUDIT OFF;
SET IDENTITY_INSERT DOCUMENT ON;

INSERT INTO DOCUMENT (DOCUMENT_ID, DOCUMENT_REFERENCE, DESCRIPTION, CREATED, CREATED_BY, MODIFIED, MODIFIED_BY, FK_LANGUAGE_ID, IS_ACTIVE, IS_AUTHORIZED, VERSION, IS_FOR_PUBLICATION, PUBLICATION_DATE, PROJECT_NUMBER, APPROVAL_NUMBER, FUND, FK_DIVISION_OR_UNIT_ID, FK_DOCUMENT_LANGUAGE_ID, FISCAL_YEAR_IDB, FK_COUNTRY_ID, FK_SECTOR_ID, FK_SUB_SECTOR_ID, FK_PHASE_ID, KEY_DOCUMENT, FK_BUSINESS_AREA_ID, FK_PROJECT_DOCUMENT_TYPE_ID, FK_OPERATION_TYPE_ID, PACKAGE_CODE, FK_ACTIVITY_GROUP_ID, DOCUMENT_NAME, FK_DESTINATION_LIBRARY_ID, URL, FK_KEY_DOCUMENT_ID, FK_DISCLOSURE_STATUS, DISCLOSURE_COMMENT, TRANSACTION_ID, TRANSACTION_STATUS) VALUES (1+@DOC_INC, 'EZSHARE-509110189-844', null, @CREATED, @CREATED_BY, null, null, null, 1, 0, null, 0, null, null, null, null, null, null, null, null, null, null, null, null, null, null, null, null, null, null, null, null, null, null, null, null, null);
INSERT INTO DOCUMENT (DOCUMENT_ID, DOCUMENT_REFERENCE, DESCRIPTION, CREATED, CREATED_BY, MODIFIED, MODIFIED_BY, FK_LANGUAGE_ID, IS_ACTIVE, IS_AUTHORIZED, VERSION, IS_FOR_PUBLICATION, PUBLICATION_DATE, PROJECT_NUMBER, APPROVAL_NUMBER, FUND, FK_DIVISION_OR_UNIT_ID, FK_DOCUMENT_LANGUAGE_ID, FISCAL_YEAR_IDB, FK_COUNTRY_ID, FK_SECTOR_ID, FK_SUB_SECTOR_ID, FK_PHASE_ID, KEY_DOCUMENT, FK_BUSINESS_AREA_ID, FK_PROJECT_DOCUMENT_TYPE_ID, FK_OPERATION_TYPE_ID, PACKAGE_CODE, FK_ACTIVITY_GROUP_ID, DOCUMENT_NAME, FK_DESTINATION_LIBRARY_ID, URL, FK_KEY_DOCUMENT_ID, FK_DISCLOSURE_STATUS, DISCLOSURE_COMMENT, TRANSACTION_ID, TRANSACTION_STATUS) VALUES (2+@DOC_INC, 'EZSHARE-509110189-847', null, @CREATED, @CREATED_BY, null, null, null, 1, 0, null, 0, null, null, null, null, null, null, null, null, null, null, null, null, null, null, null, null, null, null, null, null, null, null, null, null, null);
INSERT INTO DOCUMENT (DOCUMENT_ID, DOCUMENT_REFERENCE, DESCRIPTION, CREATED, CREATED_BY, MODIFIED, MODIFIED_BY, FK_LANGUAGE_ID, IS_ACTIVE, IS_AUTHORIZED, VERSION, IS_FOR_PUBLICATION, PUBLICATION_DATE, PROJECT_NUMBER, APPROVAL_NUMBER, FUND, FK_DIVISION_OR_UNIT_ID, FK_DOCUMENT_LANGUAGE_ID, FISCAL_YEAR_IDB, FK_COUNTRY_ID, FK_SECTOR_ID, FK_SUB_SECTOR_ID, FK_PHASE_ID, KEY_DOCUMENT, FK_BUSINESS_AREA_ID, FK_PROJECT_DOCUMENT_TYPE_ID, FK_OPERATION_TYPE_ID, PACKAGE_CODE, FK_ACTIVITY_GROUP_ID, DOCUMENT_NAME, FK_DESTINATION_LIBRARY_ID, URL, FK_KEY_DOCUMENT_ID, FK_DISCLOSURE_STATUS, DISCLOSURE_COMMENT, TRANSACTION_ID, TRANSACTION_STATUS) VALUES (3+@DOC_INC, 'EZSHARE-260292066-1064', null, @CREATED, @CREATED_BY, null, null, null, 1, 0, null, 0, null, null, null, null, null, null, null, null, null, null, null, null, null, null, null, null, null, null, null, null, null, null, null, null, null);
INSERT INTO DOCUMENT (DOCUMENT_ID, DOCUMENT_REFERENCE, DESCRIPTION, CREATED, CREATED_BY, MODIFIED, MODIFIED_BY, FK_LANGUAGE_ID, IS_ACTIVE, IS_AUTHORIZED, VERSION, IS_FOR_PUBLICATION, PUBLICATION_DATE, PROJECT_NUMBER, APPROVAL_NUMBER, FUND, FK_DIVISION_OR_UNIT_ID, FK_DOCUMENT_LANGUAGE_ID, FISCAL_YEAR_IDB, FK_COUNTRY_ID, FK_SECTOR_ID, FK_SUB_SECTOR_ID, FK_PHASE_ID, KEY_DOCUMENT, FK_BUSINESS_AREA_ID, FK_PROJECT_DOCUMENT_TYPE_ID, FK_OPERATION_TYPE_ID, PACKAGE_CODE, FK_ACTIVITY_GROUP_ID, DOCUMENT_NAME, FK_DESTINATION_LIBRARY_ID, URL, FK_KEY_DOCUMENT_ID, FK_DISCLOSURE_STATUS, DISCLOSURE_COMMENT, TRANSACTION_ID, TRANSACTION_STATUS) VALUES (4+@DOC_INC, 'EZSHARE-260292066-1063', null, @CREATED, @CREATED_BY, null, null, null, 1, 0, null, 0, null, null, null, null, null, null, null, null, null, null, null, null, null, null, null, null, null, null, null, null, null, null, null, null, null);
INSERT INTO DOCUMENT (DOCUMENT_ID, DOCUMENT_REFERENCE, DESCRIPTION, CREATED, CREATED_BY, MODIFIED, MODIFIED_BY, FK_LANGUAGE_ID, IS_ACTIVE, IS_AUTHORIZED, VERSION, IS_FOR_PUBLICATION, PUBLICATION_DATE, PROJECT_NUMBER, APPROVAL_NUMBER, FUND, FK_DIVISION_OR_UNIT_ID, FK_DOCUMENT_LANGUAGE_ID, FISCAL_YEAR_IDB, FK_COUNTRY_ID, FK_SECTOR_ID, FK_SUB_SECTOR_ID, FK_PHASE_ID, KEY_DOCUMENT, FK_BUSINESS_AREA_ID, FK_PROJECT_DOCUMENT_TYPE_ID, FK_OPERATION_TYPE_ID, PACKAGE_CODE, FK_ACTIVITY_GROUP_ID, DOCUMENT_NAME, FK_DESTINATION_LIBRARY_ID, URL, FK_KEY_DOCUMENT_ID, FK_DISCLOSURE_STATUS, DISCLOSURE_COMMENT, TRANSACTION_ID, TRANSACTION_STATUS) VALUES (5+@DOC_INC, 'EZSHARE-260292066-1072', null, @CREATED, @CREATED_BY, null, null, null, 1, 0, null, 0, null, null, null, null, null, null, null, null, null, null, null, null, null, null, null, null, null, null, null, null, null, null, null, null, null);
INSERT INTO DOCUMENT (DOCUMENT_ID, DOCUMENT_REFERENCE, DESCRIPTION, CREATED, CREATED_BY, MODIFIED, MODIFIED_BY, FK_LANGUAGE_ID, IS_ACTIVE, IS_AUTHORIZED, VERSION, IS_FOR_PUBLICATION, PUBLICATION_DATE, PROJECT_NUMBER, APPROVAL_NUMBER, FUND, FK_DIVISION_OR_UNIT_ID, FK_DOCUMENT_LANGUAGE_ID, FISCAL_YEAR_IDB, FK_COUNTRY_ID, FK_SECTOR_ID, FK_SUB_SECTOR_ID, FK_PHASE_ID, KEY_DOCUMENT, FK_BUSINESS_AREA_ID, FK_PROJECT_DOCUMENT_TYPE_ID, FK_OPERATION_TYPE_ID, PACKAGE_CODE, FK_ACTIVITY_GROUP_ID, DOCUMENT_NAME, FK_DESTINATION_LIBRARY_ID, URL, FK_KEY_DOCUMENT_ID, FK_DISCLOSURE_STATUS, DISCLOSURE_COMMENT, TRANSACTION_ID, TRANSACTION_STATUS) VALUES (6+@DOC_INC, 'EZSHARE-1788090517-191', null, @CREATED, @CREATED_BY, null, null, null, 1, 0, null, 0, null, null, null, null, null, null, null, null, null, null, null, null, null, null, null, null, null, null, null, null, null, null, null, null, null);
INSERT INTO DOCUMENT (DOCUMENT_ID, DOCUMENT_REFERENCE, DESCRIPTION, CREATED, CREATED_BY, MODIFIED, MODIFIED_BY, FK_LANGUAGE_ID, IS_ACTIVE, IS_AUTHORIZED, VERSION, IS_FOR_PUBLICATION, PUBLICATION_DATE, PROJECT_NUMBER, APPROVAL_NUMBER, FUND, FK_DIVISION_OR_UNIT_ID, FK_DOCUMENT_LANGUAGE_ID, FISCAL_YEAR_IDB, FK_COUNTRY_ID, FK_SECTOR_ID, FK_SUB_SECTOR_ID, FK_PHASE_ID, KEY_DOCUMENT, FK_BUSINESS_AREA_ID, FK_PROJECT_DOCUMENT_TYPE_ID, FK_OPERATION_TYPE_ID, PACKAGE_CODE, FK_ACTIVITY_GROUP_ID, DOCUMENT_NAME, FK_DESTINATION_LIBRARY_ID, URL, FK_KEY_DOCUMENT_ID, FK_DISCLOSURE_STATUS, DISCLOSURE_COMMENT, TRANSACTION_ID, TRANSACTION_STATUS) VALUES (7+@DOC_INC, 'EZSHARE-1788090517-227', null, @CREATED, @CREATED_BY, null, null, null, 1, 0, null, 0, null, null, null, null, null, null, null, null, null, null, null, null, null, null, null, null, null, null, null, null, null, null, null, null, null);
INSERT INTO DOCUMENT (DOCUMENT_ID, DOCUMENT_REFERENCE, DESCRIPTION, CREATED, CREATED_BY, MODIFIED, MODIFIED_BY, FK_LANGUAGE_ID, IS_ACTIVE, IS_AUTHORIZED, VERSION, IS_FOR_PUBLICATION, PUBLICATION_DATE, PROJECT_NUMBER, APPROVAL_NUMBER, FUND, FK_DIVISION_OR_UNIT_ID, FK_DOCUMENT_LANGUAGE_ID, FISCAL_YEAR_IDB, FK_COUNTRY_ID, FK_SECTOR_ID, FK_SUB_SECTOR_ID, FK_PHASE_ID, KEY_DOCUMENT, FK_BUSINESS_AREA_ID, FK_PROJECT_DOCUMENT_TYPE_ID, FK_OPERATION_TYPE_ID, PACKAGE_CODE, FK_ACTIVITY_GROUP_ID, DOCUMENT_NAME, FK_DESTINATION_LIBRARY_ID, URL, FK_KEY_DOCUMENT_ID, FK_DISCLOSURE_STATUS, DISCLOSURE_COMMENT, TRANSACTION_ID, TRANSACTION_STATUS) VALUES (8+@DOC_INC, 'EZSHARE-2023348802-4989', null, @CREATED, @CREATED_BY, null, null, null, 1, 0, null, 0, null, null, null, null, null, null, null, null, null, null, null, null, null, null, null, null, null, null, null, null, null, null, null, null, null);
INSERT INTO DOCUMENT (DOCUMENT_ID, DOCUMENT_REFERENCE, DESCRIPTION, CREATED, CREATED_BY, MODIFIED, MODIFIED_BY, FK_LANGUAGE_ID, IS_ACTIVE, IS_AUTHORIZED, VERSION, IS_FOR_PUBLICATION, PUBLICATION_DATE, PROJECT_NUMBER, APPROVAL_NUMBER, FUND, FK_DIVISION_OR_UNIT_ID, FK_DOCUMENT_LANGUAGE_ID, FISCAL_YEAR_IDB, FK_COUNTRY_ID, FK_SECTOR_ID, FK_SUB_SECTOR_ID, FK_PHASE_ID, KEY_DOCUMENT, FK_BUSINESS_AREA_ID, FK_PROJECT_DOCUMENT_TYPE_ID, FK_OPERATION_TYPE_ID, PACKAGE_CODE, FK_ACTIVITY_GROUP_ID, DOCUMENT_NAME, FK_DESTINATION_LIBRARY_ID, URL, FK_KEY_DOCUMENT_ID, FK_DISCLOSURE_STATUS, DISCLOSURE_COMMENT, TRANSACTION_ID, TRANSACTION_STATUS) VALUES (9+@DOC_INC, 'EZSHARE-2023348802-4992', null, @CREATED, @CREATED_BY, null, null, null, 1, 0, null, 0, null, null, null, null, null, null, null, null, null, null, null, null, null, null, null, null, null, null, null, null, null, null, null, null, null);
INSERT INTO DOCUMENT (DOCUMENT_ID, DOCUMENT_REFERENCE, DESCRIPTION, CREATED, CREATED_BY, MODIFIED, MODIFIED_BY, FK_LANGUAGE_ID, IS_ACTIVE, IS_AUTHORIZED, VERSION, IS_FOR_PUBLICATION, PUBLICATION_DATE, PROJECT_NUMBER, APPROVAL_NUMBER, FUND, FK_DIVISION_OR_UNIT_ID, FK_DOCUMENT_LANGUAGE_ID, FISCAL_YEAR_IDB, FK_COUNTRY_ID, FK_SECTOR_ID, FK_SUB_SECTOR_ID, FK_PHASE_ID, KEY_DOCUMENT, FK_BUSINESS_AREA_ID, FK_PROJECT_DOCUMENT_TYPE_ID, FK_OPERATION_TYPE_ID, PACKAGE_CODE, FK_ACTIVITY_GROUP_ID, DOCUMENT_NAME, FK_DESTINATION_LIBRARY_ID, URL, FK_KEY_DOCUMENT_ID, FK_DISCLOSURE_STATUS, DISCLOSURE_COMMENT, TRANSACTION_ID, TRANSACTION_STATUS) VALUES (10+@DOC_INC, 'EZSHARE-631392136-96', null, @CREATED, @CREATED_BY, null, null, null, 1, 0, null, 0, null, null, null, null, null, null, null, null, null, null, null, null, null, null, null, null, null, null, null, null, null, null, null, null, null);
INSERT INTO DOCUMENT (DOCUMENT_ID, DOCUMENT_REFERENCE, DESCRIPTION, CREATED, CREATED_BY, MODIFIED, MODIFIED_BY, FK_LANGUAGE_ID, IS_ACTIVE, IS_AUTHORIZED, VERSION, IS_FOR_PUBLICATION, PUBLICATION_DATE, PROJECT_NUMBER, APPROVAL_NUMBER, FUND, FK_DIVISION_OR_UNIT_ID, FK_DOCUMENT_LANGUAGE_ID, FISCAL_YEAR_IDB, FK_COUNTRY_ID, FK_SECTOR_ID, FK_SUB_SECTOR_ID, FK_PHASE_ID, KEY_DOCUMENT, FK_BUSINESS_AREA_ID, FK_PROJECT_DOCUMENT_TYPE_ID, FK_OPERATION_TYPE_ID, PACKAGE_CODE, FK_ACTIVITY_GROUP_ID, DOCUMENT_NAME, FK_DESTINATION_LIBRARY_ID, URL, FK_KEY_DOCUMENT_ID, FK_DISCLOSURE_STATUS, DISCLOSURE_COMMENT, TRANSACTION_ID, TRANSACTION_STATUS) VALUES (11+@DOC_INC, 'EZSHARE-631392136-96', null, @CREATED, @CREATED_BY, null, null, null, 1, 0, null, 0, null, null, null, null, null, null, null, null, null, null, null, null, null, null, null, null, null, null, null, null, null, null, null, null, null);
INSERT INTO DOCUMENT (DOCUMENT_ID, DOCUMENT_REFERENCE, DESCRIPTION, CREATED, CREATED_BY, MODIFIED, MODIFIED_BY, FK_LANGUAGE_ID, IS_ACTIVE, IS_AUTHORIZED, VERSION, IS_FOR_PUBLICATION, PUBLICATION_DATE, PROJECT_NUMBER, APPROVAL_NUMBER, FUND, FK_DIVISION_OR_UNIT_ID, FK_DOCUMENT_LANGUAGE_ID, FISCAL_YEAR_IDB, FK_COUNTRY_ID, FK_SECTOR_ID, FK_SUB_SECTOR_ID, FK_PHASE_ID, KEY_DOCUMENT, FK_BUSINESS_AREA_ID, FK_PROJECT_DOCUMENT_TYPE_ID, FK_OPERATION_TYPE_ID, PACKAGE_CODE, FK_ACTIVITY_GROUP_ID, DOCUMENT_NAME, FK_DESTINATION_LIBRARY_ID, URL, FK_KEY_DOCUMENT_ID, FK_DISCLOSURE_STATUS, DISCLOSURE_COMMENT, TRANSACTION_ID, TRANSACTION_STATUS) VALUES (12+@DOC_INC, 'EZSHARE-54679721-1400', null, @CREATED, @CREATED_BY, null, null, null, 1, 0, null, 0, null, null, null, null, null, null, null, null, null, null, null, null, null, null, null, null, null, null, null, null, null, null, null, null, null);
INSERT INTO DOCUMENT (DOCUMENT_ID, DOCUMENT_REFERENCE, DESCRIPTION, CREATED, CREATED_BY, MODIFIED, MODIFIED_BY, FK_LANGUAGE_ID, IS_ACTIVE, IS_AUTHORIZED, VERSION, IS_FOR_PUBLICATION, PUBLICATION_DATE, PROJECT_NUMBER, APPROVAL_NUMBER, FUND, FK_DIVISION_OR_UNIT_ID, FK_DOCUMENT_LANGUAGE_ID, FISCAL_YEAR_IDB, FK_COUNTRY_ID, FK_SECTOR_ID, FK_SUB_SECTOR_ID, FK_PHASE_ID, KEY_DOCUMENT, FK_BUSINESS_AREA_ID, FK_PROJECT_DOCUMENT_TYPE_ID, FK_OPERATION_TYPE_ID, PACKAGE_CODE, FK_ACTIVITY_GROUP_ID, DOCUMENT_NAME, FK_DESTINATION_LIBRARY_ID, URL, FK_KEY_DOCUMENT_ID, FK_DISCLOSURE_STATUS, DISCLOSURE_COMMENT, TRANSACTION_ID, TRANSACTION_STATUS) VALUES (13+@DOC_INC, 'EZSHARE-554679721-1399', null, @CREATED, @CREATED_BY, null, null, null, 1, 0, null, 0, null, null, null, null, null, null, null, null, null, null, null, null, null, null, null, null, null, null, null, null, null, null, null, null, null);
INSERT INTO DOCUMENT (DOCUMENT_ID, DOCUMENT_REFERENCE, DESCRIPTION, CREATED, CREATED_BY, MODIFIED, MODIFIED_BY, FK_LANGUAGE_ID, IS_ACTIVE, IS_AUTHORIZED, VERSION, IS_FOR_PUBLICATION, PUBLICATION_DATE, PROJECT_NUMBER, APPROVAL_NUMBER, FUND, FK_DIVISION_OR_UNIT_ID, FK_DOCUMENT_LANGUAGE_ID, FISCAL_YEAR_IDB, FK_COUNTRY_ID, FK_SECTOR_ID, FK_SUB_SECTOR_ID, FK_PHASE_ID, KEY_DOCUMENT, FK_BUSINESS_AREA_ID, FK_PROJECT_DOCUMENT_TYPE_ID, FK_OPERATION_TYPE_ID, PACKAGE_CODE, FK_ACTIVITY_GROUP_ID, DOCUMENT_NAME, FK_DESTINATION_LIBRARY_ID, URL, FK_KEY_DOCUMENT_ID, FK_DISCLOSURE_STATUS, DISCLOSURE_COMMENT, TRANSACTION_ID, TRANSACTION_STATUS) VALUES (14+@DOC_INC, 'EZSHARE-54679721-1398', null, @CREATED, @CREATED_BY, null, null, null, 1, 0, null, 0, null, null, null, null, null, null, null, null, null, null, null, null, null, null, null, null, null, null, null, null, null, null, null, null, null);
INSERT INTO DOCUMENT (DOCUMENT_ID, DOCUMENT_REFERENCE, DESCRIPTION, CREATED, CREATED_BY, MODIFIED, MODIFIED_BY, FK_LANGUAGE_ID, IS_ACTIVE, IS_AUTHORIZED, VERSION, IS_FOR_PUBLICATION, PUBLICATION_DATE, PROJECT_NUMBER, APPROVAL_NUMBER, FUND, FK_DIVISION_OR_UNIT_ID, FK_DOCUMENT_LANGUAGE_ID, FISCAL_YEAR_IDB, FK_COUNTRY_ID, FK_SECTOR_ID, FK_SUB_SECTOR_ID, FK_PHASE_ID, KEY_DOCUMENT, FK_BUSINESS_AREA_ID, FK_PROJECT_DOCUMENT_TYPE_ID, FK_OPERATION_TYPE_ID, PACKAGE_CODE, FK_ACTIVITY_GROUP_ID, DOCUMENT_NAME, FK_DESTINATION_LIBRARY_ID, URL, FK_KEY_DOCUMENT_ID, FK_DISCLOSURE_STATUS, DISCLOSURE_COMMENT, TRANSACTION_ID, TRANSACTION_STATUS) VALUES (15+@DOC_INC, 'EZSHARE-217607015-113', null, @CREATED, @CREATED_BY, null, null, null, 1, 0, null, 0, null, null, null, null, null, null, null, null, null, null, null, null, null, null, null, null, null, null, null, null, null, null, null, null, null);
INSERT INTO DOCUMENT (DOCUMENT_ID, DOCUMENT_REFERENCE, DESCRIPTION, CREATED, CREATED_BY, MODIFIED, MODIFIED_BY, FK_LANGUAGE_ID, IS_ACTIVE, IS_AUTHORIZED, VERSION, IS_FOR_PUBLICATION, PUBLICATION_DATE, PROJECT_NUMBER, APPROVAL_NUMBER, FUND, FK_DIVISION_OR_UNIT_ID, FK_DOCUMENT_LANGUAGE_ID, FISCAL_YEAR_IDB, FK_COUNTRY_ID, FK_SECTOR_ID, FK_SUB_SECTOR_ID, FK_PHASE_ID, KEY_DOCUMENT, FK_BUSINESS_AREA_ID, FK_PROJECT_DOCUMENT_TYPE_ID, FK_OPERATION_TYPE_ID, PACKAGE_CODE, FK_ACTIVITY_GROUP_ID, DOCUMENT_NAME, FK_DESTINATION_LIBRARY_ID, URL, FK_KEY_DOCUMENT_ID, FK_DISCLOSURE_STATUS, DISCLOSURE_COMMENT, TRANSACTION_ID, TRANSACTION_STATUS) VALUES (16+@DOC_INC, 'EZSHARE-217607015-116', null, @CREATED, @CREATED_BY, null, null, null, 1, 0, null, 0, null, null, null, null, null, null, null, null, null, null, null, null, null, null, null, null, null, null, null, null, null, null, null, null, null);
INSERT INTO DOCUMENT (DOCUMENT_ID, DOCUMENT_REFERENCE, DESCRIPTION, CREATED, CREATED_BY, MODIFIED, MODIFIED_BY, FK_LANGUAGE_ID, IS_ACTIVE, IS_AUTHORIZED, VERSION, IS_FOR_PUBLICATION, PUBLICATION_DATE, PROJECT_NUMBER, APPROVAL_NUMBER, FUND, FK_DIVISION_OR_UNIT_ID, FK_DOCUMENT_LANGUAGE_ID, FISCAL_YEAR_IDB, FK_COUNTRY_ID, FK_SECTOR_ID, FK_SUB_SECTOR_ID, FK_PHASE_ID, KEY_DOCUMENT, FK_BUSINESS_AREA_ID, FK_PROJECT_DOCUMENT_TYPE_ID, FK_OPERATION_TYPE_ID, PACKAGE_CODE, FK_ACTIVITY_GROUP_ID, DOCUMENT_NAME, FK_DESTINATION_LIBRARY_ID, URL, FK_KEY_DOCUMENT_ID, FK_DISCLOSURE_STATUS, DISCLOSURE_COMMENT, TRANSACTION_ID, TRANSACTION_STATUS) VALUES (17+@DOC_INC, 'EZSHARE-898244330-264', null, @CREATED, @CREATED_BY, null, null, null, 1, 0, null, 0, null, null, null, null, null, null, null, null, null, null, null, null, null, null, null, null, null, null, null, null, null, null, null, null, null);
INSERT INTO DOCUMENT (DOCUMENT_ID, DOCUMENT_REFERENCE, DESCRIPTION, CREATED, CREATED_BY, MODIFIED, MODIFIED_BY, FK_LANGUAGE_ID, IS_ACTIVE, IS_AUTHORIZED, VERSION, IS_FOR_PUBLICATION, PUBLICATION_DATE, PROJECT_NUMBER, APPROVAL_NUMBER, FUND, FK_DIVISION_OR_UNIT_ID, FK_DOCUMENT_LANGUAGE_ID, FISCAL_YEAR_IDB, FK_COUNTRY_ID, FK_SECTOR_ID, FK_SUB_SECTOR_ID, FK_PHASE_ID, KEY_DOCUMENT, FK_BUSINESS_AREA_ID, FK_PROJECT_DOCUMENT_TYPE_ID, FK_OPERATION_TYPE_ID, PACKAGE_CODE, FK_ACTIVITY_GROUP_ID, DOCUMENT_NAME, FK_DESTINATION_LIBRARY_ID, URL, FK_KEY_DOCUMENT_ID, FK_DISCLOSURE_STATUS, DISCLOSURE_COMMENT, TRANSACTION_ID, TRANSACTION_STATUS) VALUES (18+@DOC_INC, 'EZSHARE-898244330-265', null, @CREATED, @CREATED_BY, null, null, null, 1, 0, null, 0, null, null, null, null, null, null, null, null, null, null, null, null, null, null, null, null, null, null, null, null, null, null, null, null, null);
INSERT INTO DOCUMENT (DOCUMENT_ID, DOCUMENT_REFERENCE, DESCRIPTION, CREATED, CREATED_BY, MODIFIED, MODIFIED_BY, FK_LANGUAGE_ID, IS_ACTIVE, IS_AUTHORIZED, VERSION, IS_FOR_PUBLICATION, PUBLICATION_DATE, PROJECT_NUMBER, APPROVAL_NUMBER, FUND, FK_DIVISION_OR_UNIT_ID, FK_DOCUMENT_LANGUAGE_ID, FISCAL_YEAR_IDB, FK_COUNTRY_ID, FK_SECTOR_ID, FK_SUB_SECTOR_ID, FK_PHASE_ID, KEY_DOCUMENT, FK_BUSINESS_AREA_ID, FK_PROJECT_DOCUMENT_TYPE_ID, FK_OPERATION_TYPE_ID, PACKAGE_CODE, FK_ACTIVITY_GROUP_ID, DOCUMENT_NAME, FK_DESTINATION_LIBRARY_ID, URL, FK_KEY_DOCUMENT_ID, FK_DISCLOSURE_STATUS, DISCLOSURE_COMMENT, TRANSACTION_ID, TRANSACTION_STATUS) VALUES (19+@DOC_INC, 'EZSHARE-898244330-264', null, @CREATED, @CREATED_BY, null, null, null, 1, 0, null, 0, null, null, null, null, null, null, null, null, null, null, null, null, null, null, null, null, null, null, null, null, null, null, null, null, null);
INSERT INTO DOCUMENT (DOCUMENT_ID, DOCUMENT_REFERENCE, DESCRIPTION, CREATED, CREATED_BY, MODIFIED, MODIFIED_BY, FK_LANGUAGE_ID, IS_ACTIVE, IS_AUTHORIZED, VERSION, IS_FOR_PUBLICATION, PUBLICATION_DATE, PROJECT_NUMBER, APPROVAL_NUMBER, FUND, FK_DIVISION_OR_UNIT_ID, FK_DOCUMENT_LANGUAGE_ID, FISCAL_YEAR_IDB, FK_COUNTRY_ID, FK_SECTOR_ID, FK_SUB_SECTOR_ID, FK_PHASE_ID, KEY_DOCUMENT, FK_BUSINESS_AREA_ID, FK_PROJECT_DOCUMENT_TYPE_ID, FK_OPERATION_TYPE_ID, PACKAGE_CODE, FK_ACTIVITY_GROUP_ID, DOCUMENT_NAME, FK_DESTINATION_LIBRARY_ID, URL, FK_KEY_DOCUMENT_ID, FK_DISCLOSURE_STATUS, DISCLOSURE_COMMENT, TRANSACTION_ID, TRANSACTION_STATUS) VALUES (20+@DOC_INC, 'EZSHARE-898244330-265', null, @CREATED, @CREATED_BY, null, null, null, 1, 0, null, 0, null, null, null, null, null, null, null, null, null, null, null, null, null, null, null, null, null, null, null, null, null, null, null, null, null);
INSERT INTO DOCUMENT (DOCUMENT_ID, DOCUMENT_REFERENCE, DESCRIPTION, CREATED, CREATED_BY, MODIFIED, MODIFIED_BY, FK_LANGUAGE_ID, IS_ACTIVE, IS_AUTHORIZED, VERSION, IS_FOR_PUBLICATION, PUBLICATION_DATE, PROJECT_NUMBER, APPROVAL_NUMBER, FUND, FK_DIVISION_OR_UNIT_ID, FK_DOCUMENT_LANGUAGE_ID, FISCAL_YEAR_IDB, FK_COUNTRY_ID, FK_SECTOR_ID, FK_SUB_SECTOR_ID, FK_PHASE_ID, KEY_DOCUMENT, FK_BUSINESS_AREA_ID, FK_PROJECT_DOCUMENT_TYPE_ID, FK_OPERATION_TYPE_ID, PACKAGE_CODE, FK_ACTIVITY_GROUP_ID, DOCUMENT_NAME, FK_DESTINATION_LIBRARY_ID, URL, FK_KEY_DOCUMENT_ID, FK_DISCLOSURE_STATUS, DISCLOSURE_COMMENT, TRANSACTION_ID, TRANSACTION_STATUS) VALUES (21+@DOC_INC, 'EZSHARE-1565343762-35', null, @CREATED, @CREATED_BY, null, null, null, 1, 0, null, 0, null, null, null, null, null, null, null, null, null, null, null, null, null, null, null, null, null, null, null, null, null, null, null, null, null);
INSERT INTO DOCUMENT (DOCUMENT_ID, DOCUMENT_REFERENCE, DESCRIPTION, CREATED, CREATED_BY, MODIFIED, MODIFIED_BY, FK_LANGUAGE_ID, IS_ACTIVE, IS_AUTHORIZED, VERSION, IS_FOR_PUBLICATION, PUBLICATION_DATE, PROJECT_NUMBER, APPROVAL_NUMBER, FUND, FK_DIVISION_OR_UNIT_ID, FK_DOCUMENT_LANGUAGE_ID, FISCAL_YEAR_IDB, FK_COUNTRY_ID, FK_SECTOR_ID, FK_SUB_SECTOR_ID, FK_PHASE_ID, KEY_DOCUMENT, FK_BUSINESS_AREA_ID, FK_PROJECT_DOCUMENT_TYPE_ID, FK_OPERATION_TYPE_ID, PACKAGE_CODE, FK_ACTIVITY_GROUP_ID, DOCUMENT_NAME, FK_DESTINATION_LIBRARY_ID, URL, FK_KEY_DOCUMENT_ID, FK_DISCLOSURE_STATUS, DISCLOSURE_COMMENT, TRANSACTION_ID, TRANSACTION_STATUS) VALUES (22+@DOC_INC, 'EZSHARE-2104003432-283', null, @CREATED, @CREATED_BY, null, null, null, 1, 0, null, 0, null, null, null, null, null, null, null, null, null, null, null, null, null, null, null, null, null, null, null, null, null, null, null, null, null);
INSERT INTO DOCUMENT (DOCUMENT_ID, DOCUMENT_REFERENCE, DESCRIPTION, CREATED, CREATED_BY, MODIFIED, MODIFIED_BY, FK_LANGUAGE_ID, IS_ACTIVE, IS_AUTHORIZED, VERSION, IS_FOR_PUBLICATION, PUBLICATION_DATE, PROJECT_NUMBER, APPROVAL_NUMBER, FUND, FK_DIVISION_OR_UNIT_ID, FK_DOCUMENT_LANGUAGE_ID, FISCAL_YEAR_IDB, FK_COUNTRY_ID, FK_SECTOR_ID, FK_SUB_SECTOR_ID, FK_PHASE_ID, KEY_DOCUMENT, FK_BUSINESS_AREA_ID, FK_PROJECT_DOCUMENT_TYPE_ID, FK_OPERATION_TYPE_ID, PACKAGE_CODE, FK_ACTIVITY_GROUP_ID, DOCUMENT_NAME, FK_DESTINATION_LIBRARY_ID, URL, FK_KEY_DOCUMENT_ID, FK_DISCLOSURE_STATUS, DISCLOSURE_COMMENT, TRANSACTION_ID, TRANSACTION_STATUS) VALUES (23+@DOC_INC, 'EZSHARE-2104003432-284', null, @CREATED, @CREATED_BY, null, null, null, 1, 0, null, 0, null, null, null, null, null, null, null, null, null, null, null, null, null, null, null, null, null, null, null, null, null, null, null, null, null);
INSERT INTO DOCUMENT (DOCUMENT_ID, DOCUMENT_REFERENCE, DESCRIPTION, CREATED, CREATED_BY, MODIFIED, MODIFIED_BY, FK_LANGUAGE_ID, IS_ACTIVE, IS_AUTHORIZED, VERSION, IS_FOR_PUBLICATION, PUBLICATION_DATE, PROJECT_NUMBER, APPROVAL_NUMBER, FUND, FK_DIVISION_OR_UNIT_ID, FK_DOCUMENT_LANGUAGE_ID, FISCAL_YEAR_IDB, FK_COUNTRY_ID, FK_SECTOR_ID, FK_SUB_SECTOR_ID, FK_PHASE_ID, KEY_DOCUMENT, FK_BUSINESS_AREA_ID, FK_PROJECT_DOCUMENT_TYPE_ID, FK_OPERATION_TYPE_ID, PACKAGE_CODE, FK_ACTIVITY_GROUP_ID, DOCUMENT_NAME, FK_DESTINATION_LIBRARY_ID, URL, FK_KEY_DOCUMENT_ID, FK_DISCLOSURE_STATUS, DISCLOSURE_COMMENT, TRANSACTION_ID, TRANSACTION_STATUS) VALUES (24+@DOC_INC, 'EZSHARE-1642399008-78', null, @CREATED, @CREATED_BY, null, null, null, 1, 0, null, 0, null, null, null, null, null, null, null, null, null, null, null, null, null, null, null, null, null, null, null, null, null, null, null, null, null);
INSERT INTO DOCUMENT (DOCUMENT_ID, DOCUMENT_REFERENCE, DESCRIPTION, CREATED, CREATED_BY, MODIFIED, MODIFIED_BY, FK_LANGUAGE_ID, IS_ACTIVE, IS_AUTHORIZED, VERSION, IS_FOR_PUBLICATION, PUBLICATION_DATE, PROJECT_NUMBER, APPROVAL_NUMBER, FUND, FK_DIVISION_OR_UNIT_ID, FK_DOCUMENT_LANGUAGE_ID, FISCAL_YEAR_IDB, FK_COUNTRY_ID, FK_SECTOR_ID, FK_SUB_SECTOR_ID, FK_PHASE_ID, KEY_DOCUMENT, FK_BUSINESS_AREA_ID, FK_PROJECT_DOCUMENT_TYPE_ID, FK_OPERATION_TYPE_ID, PACKAGE_CODE, FK_ACTIVITY_GROUP_ID, DOCUMENT_NAME, FK_DESTINATION_LIBRARY_ID, URL, FK_KEY_DOCUMENT_ID, FK_DISCLOSURE_STATUS, DISCLOSURE_COMMENT, TRANSACTION_ID, TRANSACTION_STATUS) VALUES (25+@DOC_INC, 'EZSHARE-1563782828-64', null, @CREATED, @CREATED_BY, null, null, null, 1, 0, null, 0, null, null, null, null, null, null, null, null, null, null, null, null, null, null, null, null, null, null, null, null, null, null, null, null, null);
INSERT INTO DOCUMENT (DOCUMENT_ID, DOCUMENT_REFERENCE, DESCRIPTION, CREATED, CREATED_BY, MODIFIED, MODIFIED_BY, FK_LANGUAGE_ID, IS_ACTIVE, IS_AUTHORIZED, VERSION, IS_FOR_PUBLICATION, PUBLICATION_DATE, PROJECT_NUMBER, APPROVAL_NUMBER, FUND, FK_DIVISION_OR_UNIT_ID, FK_DOCUMENT_LANGUAGE_ID, FISCAL_YEAR_IDB, FK_COUNTRY_ID, FK_SECTOR_ID, FK_SUB_SECTOR_ID, FK_PHASE_ID, KEY_DOCUMENT, FK_BUSINESS_AREA_ID, FK_PROJECT_DOCUMENT_TYPE_ID, FK_OPERATION_TYPE_ID, PACKAGE_CODE, FK_ACTIVITY_GROUP_ID, DOCUMENT_NAME, FK_DESTINATION_LIBRARY_ID, URL, FK_KEY_DOCUMENT_ID, FK_DISCLOSURE_STATUS, DISCLOSURE_COMMENT, TRANSACTION_ID, TRANSACTION_STATUS) VALUES (26+@DOC_INC, 'EZSHARE-1563782828-81', null, @CREATED, @CREATED_BY, null, null, null, 1, 0, null, 0, null, null, null, null, null, null, null, null, null, null, null, null, null, null, null, null, null, null, null, null, null, null, null, null, null);
INSERT INTO DOCUMENT (DOCUMENT_ID, DOCUMENT_REFERENCE, DESCRIPTION, CREATED, CREATED_BY, MODIFIED, MODIFIED_BY, FK_LANGUAGE_ID, IS_ACTIVE, IS_AUTHORIZED, VERSION, IS_FOR_PUBLICATION, PUBLICATION_DATE, PROJECT_NUMBER, APPROVAL_NUMBER, FUND, FK_DIVISION_OR_UNIT_ID, FK_DOCUMENT_LANGUAGE_ID, FISCAL_YEAR_IDB, FK_COUNTRY_ID, FK_SECTOR_ID, FK_SUB_SECTOR_ID, FK_PHASE_ID, KEY_DOCUMENT, FK_BUSINESS_AREA_ID, FK_PROJECT_DOCUMENT_TYPE_ID, FK_OPERATION_TYPE_ID, PACKAGE_CODE, FK_ACTIVITY_GROUP_ID, DOCUMENT_NAME, FK_DESTINATION_LIBRARY_ID, URL, FK_KEY_DOCUMENT_ID, FK_DISCLOSURE_STATUS, DISCLOSURE_COMMENT, TRANSACTION_ID, TRANSACTION_STATUS) VALUES (27+@DOC_INC, 'EZSHARE-836343386-5193', null, @CREATED, @CREATED_BY, null, null, null, 1, 0, null, 0, null, null, null, null, null, null, null, null, null, null, null, null, null, null, null, null, null, null, null, null, null, null, null, null, null);
INSERT INTO DOCUMENT (DOCUMENT_ID, DOCUMENT_REFERENCE, DESCRIPTION, CREATED, CREATED_BY, MODIFIED, MODIFIED_BY, FK_LANGUAGE_ID, IS_ACTIVE, IS_AUTHORIZED, VERSION, IS_FOR_PUBLICATION, PUBLICATION_DATE, PROJECT_NUMBER, APPROVAL_NUMBER, FUND, FK_DIVISION_OR_UNIT_ID, FK_DOCUMENT_LANGUAGE_ID, FISCAL_YEAR_IDB, FK_COUNTRY_ID, FK_SECTOR_ID, FK_SUB_SECTOR_ID, FK_PHASE_ID, KEY_DOCUMENT, FK_BUSINESS_AREA_ID, FK_PROJECT_DOCUMENT_TYPE_ID, FK_OPERATION_TYPE_ID, PACKAGE_CODE, FK_ACTIVITY_GROUP_ID, DOCUMENT_NAME, FK_DESTINATION_LIBRARY_ID, URL, FK_KEY_DOCUMENT_ID, FK_DISCLOSURE_STATUS, DISCLOSURE_COMMENT, TRANSACTION_ID, TRANSACTION_STATUS) VALUES (28+@DOC_INC, 'EZSHARE-2140470718-55', null, @CREATED, @CREATED_BY, null, null, null, 1, 0, null, 0, null, null, null, null, null, null, null, null, null, null, null, null, null, null, null, null, null, null, null, null, null, null, null, null, null);
INSERT INTO DOCUMENT (DOCUMENT_ID, DOCUMENT_REFERENCE, DESCRIPTION, CREATED, CREATED_BY, MODIFIED, MODIFIED_BY, FK_LANGUAGE_ID, IS_ACTIVE, IS_AUTHORIZED, VERSION, IS_FOR_PUBLICATION, PUBLICATION_DATE, PROJECT_NUMBER, APPROVAL_NUMBER, FUND, FK_DIVISION_OR_UNIT_ID, FK_DOCUMENT_LANGUAGE_ID, FISCAL_YEAR_IDB, FK_COUNTRY_ID, FK_SECTOR_ID, FK_SUB_SECTOR_ID, FK_PHASE_ID, KEY_DOCUMENT, FK_BUSINESS_AREA_ID, FK_PROJECT_DOCUMENT_TYPE_ID, FK_OPERATION_TYPE_ID, PACKAGE_CODE, FK_ACTIVITY_GROUP_ID, DOCUMENT_NAME, FK_DESTINATION_LIBRARY_ID, URL, FK_KEY_DOCUMENT_ID, FK_DISCLOSURE_STATUS, DISCLOSURE_COMMENT, TRANSACTION_ID, TRANSACTION_STATUS) VALUES (29+@DOC_INC, 'EZSHARE-2140470718-72', null, @CREATED, @CREATED_BY, null, null, null, 1, 0, null, 0, null, null, null, null, null, null, null, null, null, null, null, null, null, null, null, null, null, null, null, null, null, null, null, null, null);
INSERT INTO DOCUMENT (DOCUMENT_ID, DOCUMENT_REFERENCE, DESCRIPTION, CREATED, CREATED_BY, MODIFIED, MODIFIED_BY, FK_LANGUAGE_ID, IS_ACTIVE, IS_AUTHORIZED, VERSION, IS_FOR_PUBLICATION, PUBLICATION_DATE, PROJECT_NUMBER, APPROVAL_NUMBER, FUND, FK_DIVISION_OR_UNIT_ID, FK_DOCUMENT_LANGUAGE_ID, FISCAL_YEAR_IDB, FK_COUNTRY_ID, FK_SECTOR_ID, FK_SUB_SECTOR_ID, FK_PHASE_ID, KEY_DOCUMENT, FK_BUSINESS_AREA_ID, FK_PROJECT_DOCUMENT_TYPE_ID, FK_OPERATION_TYPE_ID, PACKAGE_CODE, FK_ACTIVITY_GROUP_ID, DOCUMENT_NAME, FK_DESTINATION_LIBRARY_ID, URL, FK_KEY_DOCUMENT_ID, FK_DISCLOSURE_STATUS, DISCLOSURE_COMMENT, TRANSACTION_ID, TRANSACTION_STATUS) VALUES (30+@DOC_INC, 'EZSHARE-1318793922-64', null, @CREATED, @CREATED_BY, null, null, null, 1, 0, null, 0, null, null, null, null, null, null, null, null, null, null, null, null, null, null, null, null, null, null, null, null, null, null, null, null, null);
INSERT INTO DOCUMENT (DOCUMENT_ID, DOCUMENT_REFERENCE, DESCRIPTION, CREATED, CREATED_BY, MODIFIED, MODIFIED_BY, FK_LANGUAGE_ID, IS_ACTIVE, IS_AUTHORIZED, VERSION, IS_FOR_PUBLICATION, PUBLICATION_DATE, PROJECT_NUMBER, APPROVAL_NUMBER, FUND, FK_DIVISION_OR_UNIT_ID, FK_DOCUMENT_LANGUAGE_ID, FISCAL_YEAR_IDB, FK_COUNTRY_ID, FK_SECTOR_ID, FK_SUB_SECTOR_ID, FK_PHASE_ID, KEY_DOCUMENT, FK_BUSINESS_AREA_ID, FK_PROJECT_DOCUMENT_TYPE_ID, FK_OPERATION_TYPE_ID, PACKAGE_CODE, FK_ACTIVITY_GROUP_ID, DOCUMENT_NAME, FK_DESTINATION_LIBRARY_ID, URL, FK_KEY_DOCUMENT_ID, FK_DISCLOSURE_STATUS, DISCLOSURE_COMMENT, TRANSACTION_ID, TRANSACTION_STATUS) VALUES (31+@DOC_INC, 'EZSHARE-915193124-330', null, @CREATED, @CREATED_BY, null, null, null, 1, 0, null, 0, null, null, null, null, null, null, null, null, null, null, null, null, null, null, null, null, null, null, null, null, null, null, null, null, null);
INSERT INTO DOCUMENT (DOCUMENT_ID, DOCUMENT_REFERENCE, DESCRIPTION, CREATED, CREATED_BY, MODIFIED, MODIFIED_BY, FK_LANGUAGE_ID, IS_ACTIVE, IS_AUTHORIZED, VERSION, IS_FOR_PUBLICATION, PUBLICATION_DATE, PROJECT_NUMBER, APPROVAL_NUMBER, FUND, FK_DIVISION_OR_UNIT_ID, FK_DOCUMENT_LANGUAGE_ID, FISCAL_YEAR_IDB, FK_COUNTRY_ID, FK_SECTOR_ID, FK_SUB_SECTOR_ID, FK_PHASE_ID, KEY_DOCUMENT, FK_BUSINESS_AREA_ID, FK_PROJECT_DOCUMENT_TYPE_ID, FK_OPERATION_TYPE_ID, PACKAGE_CODE, FK_ACTIVITY_GROUP_ID, DOCUMENT_NAME, FK_DESTINATION_LIBRARY_ID, URL, FK_KEY_DOCUMENT_ID, FK_DISCLOSURE_STATUS, DISCLOSURE_COMMENT, TRANSACTION_ID, TRANSACTION_STATUS) VALUES (32+@DOC_INC, 'EZSHARE-915193124-330', null, @CREATED, @CREATED_BY, null, null, null, 1, 0, null, 0, null, null, null, null, null, null, null, null, null, null, null, null, null, null, null, null, null, null, null, null, null, null, null, null, null);
INSERT INTO DOCUMENT (DOCUMENT_ID, DOCUMENT_REFERENCE, DESCRIPTION, CREATED, CREATED_BY, MODIFIED, MODIFIED_BY, FK_LANGUAGE_ID, IS_ACTIVE, IS_AUTHORIZED, VERSION, IS_FOR_PUBLICATION, PUBLICATION_DATE, PROJECT_NUMBER, APPROVAL_NUMBER, FUND, FK_DIVISION_OR_UNIT_ID, FK_DOCUMENT_LANGUAGE_ID, FISCAL_YEAR_IDB, FK_COUNTRY_ID, FK_SECTOR_ID, FK_SUB_SECTOR_ID, FK_PHASE_ID, KEY_DOCUMENT, FK_BUSINESS_AREA_ID, FK_PROJECT_DOCUMENT_TYPE_ID, FK_OPERATION_TYPE_ID, PACKAGE_CODE, FK_ACTIVITY_GROUP_ID, DOCUMENT_NAME, FK_DESTINATION_LIBRARY_ID, URL, FK_KEY_DOCUMENT_ID, FK_DISCLOSURE_STATUS, DISCLOSURE_COMMENT, TRANSACTION_ID, TRANSACTION_STATUS) VALUES (33+@DOC_INC, 'EZSHARE-915193124-333', null, @CREATED, @CREATED_BY, null, null, null, 1, 0, null, 0, null, null, null, null, null, null, null, null, null, null, null, null, null, null, null, null, null, null, null, null, null, null, null, null, null);
INSERT INTO DOCUMENT (DOCUMENT_ID, DOCUMENT_REFERENCE, DESCRIPTION, CREATED, CREATED_BY, MODIFIED, MODIFIED_BY, FK_LANGUAGE_ID, IS_ACTIVE, IS_AUTHORIZED, VERSION, IS_FOR_PUBLICATION, PUBLICATION_DATE, PROJECT_NUMBER, APPROVAL_NUMBER, FUND, FK_DIVISION_OR_UNIT_ID, FK_DOCUMENT_LANGUAGE_ID, FISCAL_YEAR_IDB, FK_COUNTRY_ID, FK_SECTOR_ID, FK_SUB_SECTOR_ID, FK_PHASE_ID, KEY_DOCUMENT, FK_BUSINESS_AREA_ID, FK_PROJECT_DOCUMENT_TYPE_ID, FK_OPERATION_TYPE_ID, PACKAGE_CODE, FK_ACTIVITY_GROUP_ID, DOCUMENT_NAME, FK_DESTINATION_LIBRARY_ID, URL, FK_KEY_DOCUMENT_ID, FK_DISCLOSURE_STATUS, DISCLOSURE_COMMENT, TRANSACTION_ID, TRANSACTION_STATUS) VALUES (34+@DOC_INC, 'EZSHARE-915193124-330', null, @CREATED, @CREATED_BY, null, null, null, 1, 0, null, 0, null, null, null, null, null, null, null, null, null, null, null, null, null, null, null, null, null, null, null, null, null, null, null, null, null);
INSERT INTO DOCUMENT (DOCUMENT_ID, DOCUMENT_REFERENCE, DESCRIPTION, CREATED, CREATED_BY, MODIFIED, MODIFIED_BY, FK_LANGUAGE_ID, IS_ACTIVE, IS_AUTHORIZED, VERSION, IS_FOR_PUBLICATION, PUBLICATION_DATE, PROJECT_NUMBER, APPROVAL_NUMBER, FUND, FK_DIVISION_OR_UNIT_ID, FK_DOCUMENT_LANGUAGE_ID, FISCAL_YEAR_IDB, FK_COUNTRY_ID, FK_SECTOR_ID, FK_SUB_SECTOR_ID, FK_PHASE_ID, KEY_DOCUMENT, FK_BUSINESS_AREA_ID, FK_PROJECT_DOCUMENT_TYPE_ID, FK_OPERATION_TYPE_ID, PACKAGE_CODE, FK_ACTIVITY_GROUP_ID, DOCUMENT_NAME, FK_DESTINATION_LIBRARY_ID, URL, FK_KEY_DOCUMENT_ID, FK_DISCLOSURE_STATUS, DISCLOSURE_COMMENT, TRANSACTION_ID, TRANSACTION_STATUS) VALUES (35+@DOC_INC, 'EZSHARE-915193124-330', null, @CREATED, @CREATED_BY, null, null, null, 1, 0, null, 0, null, null, null, null, null, null, null, null, null, null, null, null, null, null, null, null, null, null, null, null, null, null, null, null, null);
INSERT INTO DOCUMENT (DOCUMENT_ID, DOCUMENT_REFERENCE, DESCRIPTION, CREATED, CREATED_BY, MODIFIED, MODIFIED_BY, FK_LANGUAGE_ID, IS_ACTIVE, IS_AUTHORIZED, VERSION, IS_FOR_PUBLICATION, PUBLICATION_DATE, PROJECT_NUMBER, APPROVAL_NUMBER, FUND, FK_DIVISION_OR_UNIT_ID, FK_DOCUMENT_LANGUAGE_ID, FISCAL_YEAR_IDB, FK_COUNTRY_ID, FK_SECTOR_ID, FK_SUB_SECTOR_ID, FK_PHASE_ID, KEY_DOCUMENT, FK_BUSINESS_AREA_ID, FK_PROJECT_DOCUMENT_TYPE_ID, FK_OPERATION_TYPE_ID, PACKAGE_CODE, FK_ACTIVITY_GROUP_ID, DOCUMENT_NAME, FK_DESTINATION_LIBRARY_ID, URL, FK_KEY_DOCUMENT_ID, FK_DISCLOSURE_STATUS, DISCLOSURE_COMMENT, TRANSACTION_ID, TRANSACTION_STATUS) VALUES (36+@DOC_INC, 'EZSHARE-915193124-333', null, @CREATED, @CREATED_BY, null, null, null, 1, 0, null, 0, null, null, null, null, null, null, null, null, null, null, null, null, null, null, null, null, null, null, null, null, null, null, null, null, null);
INSERT INTO DOCUMENT (DOCUMENT_ID, DOCUMENT_REFERENCE, DESCRIPTION, CREATED, CREATED_BY, MODIFIED, MODIFIED_BY, FK_LANGUAGE_ID, IS_ACTIVE, IS_AUTHORIZED, VERSION, IS_FOR_PUBLICATION, PUBLICATION_DATE, PROJECT_NUMBER, APPROVAL_NUMBER, FUND, FK_DIVISION_OR_UNIT_ID, FK_DOCUMENT_LANGUAGE_ID, FISCAL_YEAR_IDB, FK_COUNTRY_ID, FK_SECTOR_ID, FK_SUB_SECTOR_ID, FK_PHASE_ID, KEY_DOCUMENT, FK_BUSINESS_AREA_ID, FK_PROJECT_DOCUMENT_TYPE_ID, FK_OPERATION_TYPE_ID, PACKAGE_CODE, FK_ACTIVITY_GROUP_ID, DOCUMENT_NAME, FK_DESTINATION_LIBRARY_ID, URL, FK_KEY_DOCUMENT_ID, FK_DISCLOSURE_STATUS, DISCLOSURE_COMMENT, TRANSACTION_ID, TRANSACTION_STATUS) VALUES (37+@DOC_INC, 'EZSHARE-1318793922-64', null, @CREATED, @CREATED_BY, null, null, null, 1, 0, null, 0, null, null, null, null, null, null, null, null, null, null, null, null, null, null, null, null, null, null, null, null, null, null, null, null, null);
INSERT INTO DOCUMENT (DOCUMENT_ID, DOCUMENT_REFERENCE, DESCRIPTION, CREATED, CREATED_BY, MODIFIED, MODIFIED_BY, FK_LANGUAGE_ID, IS_ACTIVE, IS_AUTHORIZED, VERSION, IS_FOR_PUBLICATION, PUBLICATION_DATE, PROJECT_NUMBER, APPROVAL_NUMBER, FUND, FK_DIVISION_OR_UNIT_ID, FK_DOCUMENT_LANGUAGE_ID, FISCAL_YEAR_IDB, FK_COUNTRY_ID, FK_SECTOR_ID, FK_SUB_SECTOR_ID, FK_PHASE_ID, KEY_DOCUMENT, FK_BUSINESS_AREA_ID, FK_PROJECT_DOCUMENT_TYPE_ID, FK_OPERATION_TYPE_ID, PACKAGE_CODE, FK_ACTIVITY_GROUP_ID, DOCUMENT_NAME, FK_DESTINATION_LIBRARY_ID, URL, FK_KEY_DOCUMENT_ID, FK_DISCLOSURE_STATUS, DISCLOSURE_COMMENT, TRANSACTION_ID, TRANSACTION_STATUS) VALUES (38+@DOC_INC, 'EZSHARE-311428892-65', null, @CREATED, @CREATED_BY, null, null, null, 1, 0, null, 0, null, null, null, null, null, null, null, null, null, null, null, null, null, null, null, null, null, null, null, null, null, null, null, null, null);
INSERT INTO DOCUMENT (DOCUMENT_ID, DOCUMENT_REFERENCE, DESCRIPTION, CREATED, CREATED_BY, MODIFIED, MODIFIED_BY, FK_LANGUAGE_ID, IS_ACTIVE, IS_AUTHORIZED, VERSION, IS_FOR_PUBLICATION, PUBLICATION_DATE, PROJECT_NUMBER, APPROVAL_NUMBER, FUND, FK_DIVISION_OR_UNIT_ID, FK_DOCUMENT_LANGUAGE_ID, FISCAL_YEAR_IDB, FK_COUNTRY_ID, FK_SECTOR_ID, FK_SUB_SECTOR_ID, FK_PHASE_ID, KEY_DOCUMENT, FK_BUSINESS_AREA_ID, FK_PROJECT_DOCUMENT_TYPE_ID, FK_OPERATION_TYPE_ID, PACKAGE_CODE, FK_ACTIVITY_GROUP_ID, DOCUMENT_NAME, FK_DESTINATION_LIBRARY_ID, URL, FK_KEY_DOCUMENT_ID, FK_DISCLOSURE_STATUS, DISCLOSURE_COMMENT, TRANSACTION_ID, TRANSACTION_STATUS) VALUES (39+@DOC_INC, 'EZSHARE-311428892-66', null, @CREATED, @CREATED_BY, null, null, null, 1, 0, null, 0, null, null, null, null, null, null, null, null, null, null, null, null, null, null, null, null, null, null, null, null, null, null, null, null, null);
INSERT INTO DOCUMENT (DOCUMENT_ID, DOCUMENT_REFERENCE, DESCRIPTION, CREATED, CREATED_BY, MODIFIED, MODIFIED_BY, FK_LANGUAGE_ID, IS_ACTIVE, IS_AUTHORIZED, VERSION, IS_FOR_PUBLICATION, PUBLICATION_DATE, PROJECT_NUMBER, APPROVAL_NUMBER, FUND, FK_DIVISION_OR_UNIT_ID, FK_DOCUMENT_LANGUAGE_ID, FISCAL_YEAR_IDB, FK_COUNTRY_ID, FK_SECTOR_ID, FK_SUB_SECTOR_ID, FK_PHASE_ID, KEY_DOCUMENT, FK_BUSINESS_AREA_ID, FK_PROJECT_DOCUMENT_TYPE_ID, FK_OPERATION_TYPE_ID, PACKAGE_CODE, FK_ACTIVITY_GROUP_ID, DOCUMENT_NAME, FK_DESTINATION_LIBRARY_ID, URL, FK_KEY_DOCUMENT_ID, FK_DISCLOSURE_STATUS, DISCLOSURE_COMMENT, TRANSACTION_ID, TRANSACTION_STATUS) VALUES (40+@DOC_INC, 'EZSHARE-63963038-3807', null, @CREATED, @CREATED_BY, null, null, null, 1, 0, null, 0, null, null, null, null, null, null, null, null, null, null, null, null, null, null, null, null, null, null, null, null, null, null, null, null, null);
INSERT INTO DOCUMENT (DOCUMENT_ID, DOCUMENT_REFERENCE, DESCRIPTION, CREATED, CREATED_BY, MODIFIED, MODIFIED_BY, FK_LANGUAGE_ID, IS_ACTIVE, IS_AUTHORIZED, VERSION, IS_FOR_PUBLICATION, PUBLICATION_DATE, PROJECT_NUMBER, APPROVAL_NUMBER, FUND, FK_DIVISION_OR_UNIT_ID, FK_DOCUMENT_LANGUAGE_ID, FISCAL_YEAR_IDB, FK_COUNTRY_ID, FK_SECTOR_ID, FK_SUB_SECTOR_ID, FK_PHASE_ID, KEY_DOCUMENT, FK_BUSINESS_AREA_ID, FK_PROJECT_DOCUMENT_TYPE_ID, FK_OPERATION_TYPE_ID, PACKAGE_CODE, FK_ACTIVITY_GROUP_ID, DOCUMENT_NAME, FK_DESTINATION_LIBRARY_ID, URL, FK_KEY_DOCUMENT_ID, FK_DISCLOSURE_STATUS, DISCLOSURE_COMMENT, TRANSACTION_ID, TRANSACTION_STATUS) VALUES (41+@DOC_INC, 'EZSHARE-63963038-3810', null, @CREATED, @CREATED_BY, null, null, null, 1, 0, null, 0, null, null, null, null, null, null, null, null, null, null, null, null, null, null, null, null, null, null, null, null, null, null, null, null, null);

SET IDENTITY_INSERT DOCUMENT OFF;

INSERT INTO DOCUMENT_EXT_AUDIT (FK_EXTERNAL_AUDIT_ID, FK_DOCUMENT_ID, FK_DOCUMENT_TYPE_CODE_ID, READY_TO_DISCLOSE) VALUES (14+@EA_INC, 1+@DOC_INC, 17524, null);
INSERT INTO DOCUMENT_EXT_AUDIT (FK_EXTERNAL_AUDIT_ID, FK_DOCUMENT_ID, FK_DOCUMENT_TYPE_CODE_ID, READY_TO_DISCLOSE) VALUES (14+@EA_INC, 2+@DOC_INC, 17524, null);
INSERT INTO DOCUMENT_EXT_AUDIT (FK_EXTERNAL_AUDIT_ID, FK_DOCUMENT_ID, FK_DOCUMENT_TYPE_CODE_ID, READY_TO_DISCLOSE) VALUES (25+@EA_INC, 3+@DOC_INC, 17524, null);
INSERT INTO DOCUMENT_EXT_AUDIT (FK_EXTERNAL_AUDIT_ID, FK_DOCUMENT_ID, FK_DOCUMENT_TYPE_CODE_ID, READY_TO_DISCLOSE) VALUES (25+@EA_INC, 4+@DOC_INC, 17524, null);
INSERT INTO DOCUMENT_EXT_AUDIT (FK_EXTERNAL_AUDIT_ID, FK_DOCUMENT_ID, FK_DOCUMENT_TYPE_CODE_ID, READY_TO_DISCLOSE) VALUES (25+@EA_INC, 5+@DOC_INC, 17524, null);
INSERT INTO DOCUMENT_EXT_AUDIT (FK_EXTERNAL_AUDIT_ID, FK_DOCUMENT_ID, FK_DOCUMENT_TYPE_CODE_ID, READY_TO_DISCLOSE) VALUES (31+@EA_INC, 6+@DOC_INC, 17524, null);
INSERT INTO DOCUMENT_EXT_AUDIT (FK_EXTERNAL_AUDIT_ID, FK_DOCUMENT_ID, FK_DOCUMENT_TYPE_CODE_ID, READY_TO_DISCLOSE) VALUES (31+@EA_INC, 7+@DOC_INC, 17524, null);
INSERT INTO DOCUMENT_EXT_AUDIT (FK_EXTERNAL_AUDIT_ID, FK_DOCUMENT_ID, FK_DOCUMENT_TYPE_CODE_ID, READY_TO_DISCLOSE) VALUES (32+@EA_INC, 8+@DOC_INC, 17524, null);
INSERT INTO DOCUMENT_EXT_AUDIT (FK_EXTERNAL_AUDIT_ID, FK_DOCUMENT_ID, FK_DOCUMENT_TYPE_CODE_ID, READY_TO_DISCLOSE) VALUES (32+@EA_INC, 9+@DOC_INC, 17524, null);
INSERT INTO DOCUMENT_EXT_AUDIT (FK_EXTERNAL_AUDIT_ID, FK_DOCUMENT_ID, FK_DOCUMENT_TYPE_CODE_ID, READY_TO_DISCLOSE) VALUES (35+@EA_INC, 10+@DOC_INC, 17524, null);
INSERT INTO DOCUMENT_EXT_AUDIT (FK_EXTERNAL_AUDIT_ID, FK_DOCUMENT_ID, FK_DOCUMENT_TYPE_CODE_ID, READY_TO_DISCLOSE) VALUES (37+@EA_INC, 11+@DOC_INC, 17524, null);
INSERT INTO DOCUMENT_EXT_AUDIT (FK_EXTERNAL_AUDIT_ID, FK_DOCUMENT_ID, FK_DOCUMENT_TYPE_CODE_ID, READY_TO_DISCLOSE) VALUES (44+@EA_INC, 12+@DOC_INC, 17524, null);
INSERT INTO DOCUMENT_EXT_AUDIT (FK_EXTERNAL_AUDIT_ID, FK_DOCUMENT_ID, FK_DOCUMENT_TYPE_CODE_ID, READY_TO_DISCLOSE) VALUES (44+@EA_INC, 13+@DOC_INC, 17524, null);
INSERT INTO DOCUMENT_EXT_AUDIT (FK_EXTERNAL_AUDIT_ID, FK_DOCUMENT_ID, FK_DOCUMENT_TYPE_CODE_ID, READY_TO_DISCLOSE) VALUES (44+@EA_INC, 14+@DOC_INC, 17524, null);
INSERT INTO DOCUMENT_EXT_AUDIT (FK_EXTERNAL_AUDIT_ID, FK_DOCUMENT_ID, FK_DOCUMENT_TYPE_CODE_ID, READY_TO_DISCLOSE) VALUES (45+@EA_INC, 15+@DOC_INC, 17524, null);
INSERT INTO DOCUMENT_EXT_AUDIT (FK_EXTERNAL_AUDIT_ID, FK_DOCUMENT_ID, FK_DOCUMENT_TYPE_CODE_ID, READY_TO_DISCLOSE) VALUES (45+@EA_INC, 16+@DOC_INC, 17524, null);
INSERT INTO DOCUMENT_EXT_AUDIT (FK_EXTERNAL_AUDIT_ID, FK_DOCUMENT_ID, FK_DOCUMENT_TYPE_CODE_ID, READY_TO_DISCLOSE) VALUES (46+@EA_INC, 17+@DOC_INC, 17524, null);
INSERT INTO DOCUMENT_EXT_AUDIT (FK_EXTERNAL_AUDIT_ID, FK_DOCUMENT_ID, FK_DOCUMENT_TYPE_CODE_ID, READY_TO_DISCLOSE) VALUES (46+@EA_INC, 18+@DOC_INC, 17524, null);
INSERT INTO DOCUMENT_EXT_AUDIT (FK_EXTERNAL_AUDIT_ID, FK_DOCUMENT_ID, FK_DOCUMENT_TYPE_CODE_ID, READY_TO_DISCLOSE) VALUES (47+@EA_INC, 19+@DOC_INC, 17524, null);
INSERT INTO DOCUMENT_EXT_AUDIT (FK_EXTERNAL_AUDIT_ID, FK_DOCUMENT_ID, FK_DOCUMENT_TYPE_CODE_ID, READY_TO_DISCLOSE) VALUES (47+@EA_INC, 20+@DOC_INC, 17524, null);
INSERT INTO DOCUMENT_EXT_AUDIT (FK_EXTERNAL_AUDIT_ID, FK_DOCUMENT_ID, FK_DOCUMENT_TYPE_CODE_ID, READY_TO_DISCLOSE) VALUES (49+@EA_INC, 21+@DOC_INC, 17524, null);
INSERT INTO DOCUMENT_EXT_AUDIT (FK_EXTERNAL_AUDIT_ID, FK_DOCUMENT_ID, FK_DOCUMENT_TYPE_CODE_ID, READY_TO_DISCLOSE) VALUES (53+@EA_INC, 22+@DOC_INC, 17524, null);
INSERT INTO DOCUMENT_EXT_AUDIT (FK_EXTERNAL_AUDIT_ID, FK_DOCUMENT_ID, FK_DOCUMENT_TYPE_CODE_ID, READY_TO_DISCLOSE) VALUES (53+@EA_INC, 23+@DOC_INC, 17524, null);
INSERT INTO DOCUMENT_EXT_AUDIT (FK_EXTERNAL_AUDIT_ID, FK_DOCUMENT_ID, FK_DOCUMENT_TYPE_CODE_ID, READY_TO_DISCLOSE) VALUES (56+@EA_INC, 24+@DOC_INC, 17524, null);
INSERT INTO DOCUMENT_EXT_AUDIT (FK_EXTERNAL_AUDIT_ID, FK_DOCUMENT_ID, FK_DOCUMENT_TYPE_CODE_ID, READY_TO_DISCLOSE) VALUES (58+@EA_INC, 25+@DOC_INC, 17524, null);
INSERT INTO DOCUMENT_EXT_AUDIT (FK_EXTERNAL_AUDIT_ID, FK_DOCUMENT_ID, FK_DOCUMENT_TYPE_CODE_ID, READY_TO_DISCLOSE) VALUES (58+@EA_INC, 26+@DOC_INC, 17524, null);
INSERT INTO DOCUMENT_EXT_AUDIT (FK_EXTERNAL_AUDIT_ID, FK_DOCUMENT_ID, FK_DOCUMENT_TYPE_CODE_ID, READY_TO_DISCLOSE) VALUES (59+@EA_INC, 27+@DOC_INC, 17524, null);
INSERT INTO DOCUMENT_EXT_AUDIT (FK_EXTERNAL_AUDIT_ID, FK_DOCUMENT_ID, FK_DOCUMENT_TYPE_CODE_ID, READY_TO_DISCLOSE) VALUES (60+@EA_INC, 28+@DOC_INC, 17524, null);
INSERT INTO DOCUMENT_EXT_AUDIT (FK_EXTERNAL_AUDIT_ID, FK_DOCUMENT_ID, FK_DOCUMENT_TYPE_CODE_ID, READY_TO_DISCLOSE) VALUES (61+@EA_INC, 29+@DOC_INC, 17524, null);
INSERT INTO DOCUMENT_EXT_AUDIT (FK_EXTERNAL_AUDIT_ID, FK_DOCUMENT_ID, FK_DOCUMENT_TYPE_CODE_ID, READY_TO_DISCLOSE) VALUES (62+@EA_INC, 30+@DOC_INC, 17524, null);
INSERT INTO DOCUMENT_EXT_AUDIT (FK_EXTERNAL_AUDIT_ID, FK_DOCUMENT_ID, FK_DOCUMENT_TYPE_CODE_ID, READY_TO_DISCLOSE) VALUES (64+@EA_INC, 31+@DOC_INC, 17524, null);
INSERT INTO DOCUMENT_EXT_AUDIT (FK_EXTERNAL_AUDIT_ID, FK_DOCUMENT_ID, FK_DOCUMENT_TYPE_CODE_ID, READY_TO_DISCLOSE) VALUES (64+@EA_INC, 32+@DOC_INC, 17524, null);
INSERT INTO DOCUMENT_EXT_AUDIT (FK_EXTERNAL_AUDIT_ID, FK_DOCUMENT_ID, FK_DOCUMENT_TYPE_CODE_ID, READY_TO_DISCLOSE) VALUES (64+@EA_INC, 33+@DOC_INC, 17524, null);
INSERT INTO DOCUMENT_EXT_AUDIT (FK_EXTERNAL_AUDIT_ID, FK_DOCUMENT_ID, FK_DOCUMENT_TYPE_CODE_ID, READY_TO_DISCLOSE) VALUES (65+@EA_INC, 34+@DOC_INC, 17524, null);
INSERT INTO DOCUMENT_EXT_AUDIT (FK_EXTERNAL_AUDIT_ID, FK_DOCUMENT_ID, FK_DOCUMENT_TYPE_CODE_ID, READY_TO_DISCLOSE) VALUES (65+@EA_INC, 35+@DOC_INC, 17524, null);
INSERT INTO DOCUMENT_EXT_AUDIT (FK_EXTERNAL_AUDIT_ID, FK_DOCUMENT_ID, FK_DOCUMENT_TYPE_CODE_ID, READY_TO_DISCLOSE) VALUES (65+@EA_INC, 36+@DOC_INC, 17524, null);
INSERT INTO DOCUMENT_EXT_AUDIT (FK_EXTERNAL_AUDIT_ID, FK_DOCUMENT_ID, FK_DOCUMENT_TYPE_CODE_ID, READY_TO_DISCLOSE) VALUES (66+@EA_INC, 37+@DOC_INC, 17524, null);
INSERT INTO DOCUMENT_EXT_AUDIT (FK_EXTERNAL_AUDIT_ID, FK_DOCUMENT_ID, FK_DOCUMENT_TYPE_CODE_ID, READY_TO_DISCLOSE) VALUES (68+@EA_INC, 38+@DOC_INC, 17524, null);
INSERT INTO DOCUMENT_EXT_AUDIT (FK_EXTERNAL_AUDIT_ID, FK_DOCUMENT_ID, FK_DOCUMENT_TYPE_CODE_ID, READY_TO_DISCLOSE) VALUES (68+@EA_INC, 39+@DOC_INC, 17524, null);
INSERT INTO DOCUMENT_EXT_AUDIT (FK_EXTERNAL_AUDIT_ID, FK_DOCUMENT_ID, FK_DOCUMENT_TYPE_CODE_ID, READY_TO_DISCLOSE) VALUES (69+@EA_INC, 40+@DOC_INC, 17524, null);
INSERT INTO DOCUMENT_EXT_AUDIT (FK_EXTERNAL_AUDIT_ID, FK_DOCUMENT_ID, FK_DOCUMENT_TYPE_CODE_ID, READY_TO_DISCLOSE) VALUES (69+@EA_INC, 41+@DOC_INC, 17524, null);
